affin.pdb_id	affin.chain	mutation
1R37	A	W95L
1R37	A	W95L/N249Y
1RJW	A	W49F/W87F
1RJW	A	W87A
1RJW	A	Y25A/W49F/W87F
1RJW	A	Y25A/W49F/W167Y
1RJW	A	Y25A/W49F/W87F/V260A
1RJW	A	V260A
1RJW	A	Y25A/W49F/W167Y/V260A
1RJW	A	W49F/W87F/V260A
1RJW	A	W49F/W167Y
1RJW	A	W49F/W167Y/V260A
3D3W	A	N107D
3D3W	A	N107L
5Y1G	A	S111A
5Y1G	A	Y136F
5Y1G	A	T177A
2D8A	A	E199A
2D8A	A	R204A
3A4V	A	G114A
3A4V	A	I113A
3A4V	A	T178A
3A4V	A	D180A
5EPO	A	Q255L/C260S
5EPO	A	T15A/R16A/R194A
5EPO	A	R16A/R194A
5EPO	A	R16G
5EPO	A	R194G
5EPO	A	R194A
5EPO	A	T15A
5EPO	A	R16A
3NT4	A	Y235F
3NT4	A	D172N
3NT4	A	H176A
2HRB	A	D236A/K238P/D239K/S240A/I241T/R242K/T243S/V244P
2HRB	A	P230W/D236A/K238P/D239K/S240A/I241T/R242K/T243S/V244P
2HRB	A	Q142M/C143S/P230W/D236A/K238P/D239K/S240A/I241T/R242K/T243S/V244P/H270S
1WMA	A	C226S
5VKT	A	W58L
5VKT	A	A278V
5VKT	A	L119W
5VKT	A	G301F
5VKT	A	L119W/G301F
5VKT	A	Y95V
6MFH	A	V160V/V172V/L175I/N246N
6MFH	A	A158A/C159C/V160V
7RGL	A	A285T
2HEJ	A	Y224F
2HEJ	A	G225P/G226P
2HEJ	A	Q222N
2HEJ	A	Y224D
2Q3E	A	E161Q
3DOO	A	Y211F
2O7S	A	S338G/T381G
2O7S	A	T381G
2O7S	A	T381A
2O7S	A	T381S
2O7S	A	S338G
5FB3	B	S40A/T42A
4A03	A	W203F
4A03	A	W203Y
1LDN	A	F30Q/C95S/N99R
1LDN	A	F30Q/I51K/N99R
2DLD	A	V152R/I177K
2DLD	A	V152R/N213E
2DLD	A	V152R
2DLD	A	V152R/I177K/N213I
1VI2	A	Y39F
1VI2	A	K71A
1VI2	A	S67A
1VI2	A	D107A
1VI2	A	Q262A
1VI2	A	T106A
1VI2	A	S22A
4XB2	A	R40A
5B4T	A	H144L
5B4T	A	H144L/W187V
5B4T	A	H144L/W187F
5B4T	A	W187A
5B4T	A	H144A
5B4T	A	W187F
5B4T	A	H144L/W187A
5B4T	A	H144V
5B4T	A	H144F
5B4T	A	H144I
5B4T	A	W187L
5B4T	A	H144L/W187I
5B4T	A	H144L/W187L
2ZTL	A	T190S
2ZTL	A	T190A
2ZTL	A	T190C
5B4T	A	W187I
5B4T	A	W187V
1XRH	A	D143E
1XRH	A	Y54F
1XRH	A	S142A
1XRH	A	D143A
1XRH	A	D143N
1XRH	A	R261A
2CDC	A	A41A
2CDC	A	A41V
1EMD	A	R81Q
6KTK	A	H318A
6SMY	B	T124G
6SMY	B	R123G
6SMY	B	G122S
7CGQ	A	N173V
7CGQ	A	N173S
7CGQ	A	W152Y
7CGQ	A	N173G
7CGQ	A	W152H
7CGQ	A	H119N
7CGQ	A	N173A
7CGQ	A	S37D/R38A
7CGQ	A	R38A
7CGQ	A	N173Q
7CGQ	A	S37D
7CGQ	A	W152F
7CGQ	A	W152A
7CGQ	A	W231A
1PJ3	A	K3057S/E3059N/K3073E/D3102S
4KQW	A	S61D/S63D
4KQW	A	S61D/S63D/I95V
3ULK	A	Q110V
3ULK	A	A71S/R76D/S78D/Q110A
3ULK	A	S78D/Q110V
3ULK	A	Q110A
3ULK	A	S78D
3ULK	A	A71S/R76D/S78D/Q110V/D146G/G185R/K433E
3ULK	A	A71S/R76D/S78D/Q110V
3Q3C	A	Y219A
3Q3C	A	S122A
3Q3C	A	N175A
3Q3C	A	T96A
4IS3	A	E42A
6BKZ	A	R132G
6BKZ	A	R132Q
6BKZ	A	R132C
6BKZ	A	R132K
6BKZ	A	R132N
6BKZ	A	R132H
6BKZ	A	R132A
6BKZ	A	R132W
4AJA	A	R153C
4AJA	A	R153H
6D24	A	R408A
6D24	A	K84A
4FJ0	A	Y49D
1LJ8	A	N191L
1LJ8	A	D69A
1LJ8	A	N300D
1LJ8	A	E133Q
1LJ8	A	K381A
1LJ8	A	N191D
1LJ8	A	N300A
1LJ8	A	N191A/N300A
1LJ8	A	N191D/N300D
1LJ8	A	E133A
1LJ8	A	N191A
1LJ8	A	N300S
1LJ8	A	R373A
1LJ8	A	D230A
1LJ8	A	H303A/R73A/K381A
1LJ8	A	H303A
1GEG	A	N146Q
1GEG	A	F212Y
1GEG	A	F212S
1GEG	A	F212W
5J32	A	L133F
4F7I	A	N102A
4F7I	A	L134N/V181T/P324T/A335E
4F7I	A	D184H
4F7I	A	D245A
4F7I	A	Y139A
4F7I	A	D217A
4F7I	A	L134N
4F7I	A	D241A
4F7I	A	K185A
4F7I	A	E270A
4TSK	A	R48P/S51L/S52D/R84A
4TSK	A	R48P/S51L/S52D
6IHI	A	N15G/G37D/R38V/R39S
6IHI	A	N15G/G37D/R38V/R39S/A86N/S88A
6IHI	A	G37D
1YBA	A	S107A
1YBA	A	K141A
1YBA	A	H344A
1YBA	A	S296A
1YBA	A	S107A/S111A
1YBA	A	A374V
1YBA	A	K141R
1YBA	A	E307A
1YBA	A	N346A
1YBA	A	Q301A
1YBA	A	Q375A
4NJO	B	K263A
1YBA	A	E345A
1YBA	A	S373A
1TT0	A	Y456W
1TT0	A	H450Q
1TT0	A	F454P
1TT0	A	L547R
1TT0	A	Q448H
1TT0	A	F454A/S455A/Y456A
1TT0	A	T169G
1TT0	A	F454A/Y456A
1TT0	A	L545C
1TT0	A	V546P
1TT0	A	F454N
1TT0	A	L537W
1TT0	A	N593C
1TT0	A	H548R
1TT0	A	T169G/E542K/V546C
1TT0	A	R472L
1TT0	A	N593R
1TT0	A	V546C
1TT0	A	L537G
1TT0	A	E542K
1TT0	A	T166R
1TT0	A	L537W/E542R
1TT0	A	L537G/E542R
1TT0	A	L537W/E542K
1TT0	A	H450G/E542K/V546C
1TT0	A	R472G
1TT0	A	E542R
1TT0	A	L537G/E542K
1TT0	A	V546G
1TT0	A	Q448C
1TT0	A	Q448N
1TT0	A	V546P/T169G
1TT0	A	Q448S
1TT0	A	H548I
1TT0	A	T169S
1TT0	A	T169N
1TT0	A	H167A
1TT0	A	V546C/T169N
1TT0	A	V546G/T169G
1TT0	A	H450G
1TT0	A	H450G/V546C
4HA6	A	H460A
4HA6	A	H462A
2JBV	A	S101A/D250G/F253R/V355T/F357R/M359R
2JBV	A	S101A/V355T/F357R/M359R
2JBV	A	S101A/V355T/F357R
2JBV	A	S101A
6H3G	A	M103S
6H3G	A	F101S
6H3G	A	F101N
7F20	A	Y191L
7F20	A	A95G
7F20	A	Y191F
7F20	A	Y215F
7F20	A	Y191A
7F20	A	Y215H
1W1K	A	Y503F
1W1K	A	Y108F
1W1K	A	T457E
1W1K	A	H61T
1W1K	A	D170S/T457E
1W1K	A	H422T
1W1K	A	H422C
1W1K	A	D170A/T457E
1W1K	A	Y108F/Y503F
1W1K	A	H422A
1W1K	A	D170S
1GPE	C	H520A
1GPE	C	H520V
1GPE	C	R516Q
1GPE	C	F418V
1GPE	C	Y73F
1GPE	C	R516K
1GPE	C	N518T
5ZZR	A	Y128F
6XLR	A	W331H
6XLR	A	W331F
6XLR	A	W331G
1CRU	A	H144Q
1CRU	A	D143E/N428T
1CRU	A	H144C
1CRU	A	N428T
6ZCW	A	F412V/W561A
1D7B	C	M83H
1D7B	C	M83F
6BFG	A	G81A
6BFG	A	R277G
6BFG	A	R277K
6S0O	A	H165A/R240H
6S0O	A	H165A/M199G
2Q9O	A	L609A
1NPX	A	H10Q
3QNR	A	N246A
3FM1	A	W194S
3FM1	A	S188D
3FM1	A	S188E
3FM1	A	W194H
3FM1	A	E170G/W194S/K206G
3FM1	A	W194Y
3FM1	A	W194Y/R227A/A290F
7RMU	A	D220A
6MQ0	A	D121N
6MQ0	A	D121E
6MQ0	A	R88A/D121A
6MQ0	A	R88A/W91F/D121A
6MQ0	A	D121A
2XIL	A	Y103A/N251R/W258F
2XIL	A	Y103A/W258F
2XIL	A	N251R/W258F
3O5C	C	F102W
6EKX	A	A57V/A57A/F67F/I75I/V248V/L311L
6EKX	A	T163V/S269G/T363N
6EKX	A	T163V/S269G/T363R
6EKX	A	A57V/A64D/A57A/F67F/I75I/V248V/L311L
2XSR	A	L69A
2XSR	A	A72G
6PYZ	A	Y42A
6PYZ	A	S151A
6PYZ	A	Y45A
6PYZ	A	R144A
6PYZ	A	F140A
4CHL	A	T136A
7X5Y	A	N282A
7X5Y	A	Q293A
7X5Y	A	Q307A
7X5Y	A	M335H/P336A/P339T/T341D/E363Q/E426Q
7X5Y	A	S267A
7X5Y	A	M335H/P336A/E363Q
7X5Y	A	N423A
7X5Y	A	F381A
3ISQ	A	E12A
2P0M	B	F353L
4CFS	A	D126A
4CFS	A	H38A
4CFS	A	H102L
4CFS	A	S101A
4CFS	A	A251A
3NN1	A	R199A
3NN1	A	R199K
5K91	A	Q74E
5K91	A	Q74V
2NW8	A	H55S
2NW8	A	H55A
7E0T	A	T379A
4MLM	A	Y24E
4MLM	A	H62A
4MLM	A	H80A
4MLM	A	Y24F
2NP9	A	E255Q
2NP9	A	E189Q
2NP9	A	A319C
2NP9	A	Q299N
2NP9	A	R254K
5LUN	A	H309Q
5LUN	A	H169Q
5LUN	A	H268Q
5YB7	A	D238E
5YB7	A	D238F
5YB7	A	D238A
3KG0	A	N18A
3KG0	A	N63A
4IV9	A	W466F
4IV9	A	K365M
1BA3	A	K529A
1BA3	A	K443A/K529A
7Q5V	A	T387N
7Q5V	A	T387A
6D3H	A	F171A
6D3H	A	R285A
6D3H	A	I106A
6D3H	A	V80A
6D3H	A	F171Q
7BUG	A	Q282N
7BUG	A	I262V
7BUG	A	Q282Y
3RP7	A	R204Q
3RP7	A	Y216F
4B63	A	N323A
4B63	A	N293A
4B63	A	S469A
1IUX	A	L199V/Y385F
3GE3	A	A201A
3GE3	A	A201G
3GE3	A	A201S
4BJZ	A	Y105F
3ALJ	A	Y270A
3ALJ	A	Y270F
5BRT	A	R242Q
5BRT	A	R242E
5BRT	A	M223E
5BRT	A	W225Y
5BRT	A	R242A
5BRT	A	M321F
5BRT	A	W225A
5BRT	A	M321V
5BRT	A	M223Q
5BRT	A	M223I
5BRT	A	M223K
5BRT	A	W97A
5BRT	A	M223A
5BRT	A	M321A
5BRT	A	M321L
5BRT	A	W97Y
4OVI	A	A442P/L443V
4OVI	A	I67C/P440F
4OVI	A	I67Y/P440F
4OVI	A	S441G/A442P/L443T/S444Q
4OVI	A	I67A/P440F
4OVI	A	I67G/P440F
4Y8W	A	G292S
4Y8W	A	T296N
4Y8W	A	G292C
4Y8W	A	L108R
6WW0	A	A105L
3DAX	A	T104L
5DQP	A	Q58A
5DQP	A	W11A
2ZWU	A	T253N/V254T
2ZWU	A	D98F/P123L/Q184L/L245Q
2ZWU	A	E157G/V248F/V254G/F257S
2ZWU	A	G121A/Y180H/G249S/D298H
2ZBX	A	R73V/R84A
1LTZ	A	L101Y/W180F
1LTZ	A	L101Y
1LTZ	A	W180F
6EI4	A	V218G
6EI4	A	V218F
5L1R	A	M81C
5L1R	A	F232L
5L1R	A	M77S
5L1R	A	M81A
5L1R	A	F232A
1HJG	A	V275I/N304R
1HJG	A	C281Y/N304M
1HJG	A	V275I/N304M
1HJG	A	N304K/R306L
1HJG	A	N304L
1HJG	A	V275I/I305M
1HJG	A	N304M/R306L
1HJG	A	N304R/R306L
1HJG	A	N304K
1HJG	A	N304L/R306L
1HJG	A	C281Y/I305M
1HJG	A	N304A/R306L
1HJG	A	N304M
1HJG	A	I305M
1HJG	A	Y184H
1HJG	A	H244Q
1HJG	A	I305L
1HJG	A	C155Y/Y184H/V275I/C281Y
1HJG	A	N304A
1HJG	A	C281Y/N304A
1HJG	A	N304R
1HJG	A	V275I/N304A
1HJG	A	C281Y/N304L
1HJG	A	V275I/N304L
1HJG	A	C281Y/N304K
4X8E	A	Y377F
2QTL	A	A312H
2QTL	A	A312Q
2J6I	A	V328V
2J6I	A	T321S
2J6I	A	N187S/T321S
2NAD	A	A199G
6ABU	A	W335A/F336L
2OK8	A	H341K
2OK8	A	H341Q
2OK8	A	H341A
3LZW	A	Y50W
3LZW	A	Y50S
3LZW	A	Y50G
2OK8	A	H341L
1GL3	A	Q350N/H171A
1GL3	A	Q350N
1PQU	C	N277N
3VAZ	O	H178N
3VAZ	O	C151S/H178N
3VAZ	O	C151S
3EFV	A	N193A
3EFV	A	K160A
3EFV	A	K160E
3EFV	A	R145A
3EFV	A	F138A
3EFV	A	E442A
2IMP	A	N286H
5UCD	A	E337Q
5UCD	A	E215D
5UCD	A	E337L
5UCD	A	E337D
4I3V	H	N158A
4I3V	H	R290A
4I3V	H	R447A
4I3V	H	R108A
5TQM	A	T154A
2VRO	A	E496A
2VRO	A	H485A
2VRO	A	E400A
2VRO	A	E167A
5N5S	B	R228A
5N5S	B	R457A
4V37	A	A441C
4V37	A	A441I
4V37	A	A441T
4V37	A	A441F
4V37	A	A441V
4V37	A	A441S
6D97	A	D226A
5IZD	E	F34M/Y399C/S405N
5IZD	E	F34M/S405N
3ZYV	A	F1014I
3ZYV	A	E1266Q
3ZYV	A	A807V/Y885M
3ZYV	A	F1014V
3ZYV	A	F776K/A807E/D878L/L881S/Y885R/P1015T/Y1019L
3ZYV	A	F776K/A807E/D878L/L881S/Y885R/K889H/P1015T/Y1019L
3ZYV	A	A807V
4E5K	A	M53N
4E5K	A	W134A
4E5K	A	E175A
4E5K	A	R301A
4E5K	A	R301K
4E5K	A	S295A
4E5K	A	M53A
4E5K	A	W134F
1LJU	A	A15A
3GFD	A	Y157F
3FW9	B	H104A
3VTE	A	R110A
3VTE	A	R108A
2G5C	A	H217N
2G5C	A	S126A
2G5C	A	H217A
2G5C	A	H147N
1GTE	A	S670A
1GTE	A	C126A
1HE2	A	R174A
1HE2	A	S111L
1HE2	A	S111A
1HE2	A	R124A
5B3V	B	R185K
5B3V	B	Y102F
5B3V	B	S184A
5B3V	B	T169A
5B3V	B	R246A
5B3V	B	R188A
1HE2	A	H132A
5B3V	B	R185A
3BUV	A	V309F
3BUV	A	Y132F
4FBG	B	L291A
4FBG	B	L276A/V277A
4FBG	B	L276A/V277A/F295A
4FBG	B	F295A
4FBG	B	Y240F
4EUE	A	Y225A
4EUE	A	F11K
6OWE	A	H365N
6OWE	A	T82D
6OWE	A	E171A
6OWE	A	F170A
6OWE	A	F170Y
6OWE	A	S119A
7UMW	A	G93V
7UMW	A	M159T
7UMW	A	Y156F
7UMW	A	F203L
7UMW	A	A197M
2AEX	A	R262A
2AEX	A	D400A
3I6D	A	I176A
3I6D	A	K71A
3I6D	A	V311M
3I6D	A	P64A
3I6D	A	Y366E
3I6D	A	Y366H
3I6D	A	F227R
3I6D	A	Y366A
3NKS	A	R168S
3NKS	A	M368Q
3NKS	A	M368K
3NKS	A	V170T
3NKS	A	F331T
3NKS	A	F331A
3NKS	A	L334V
3NKS	A	G169A
3NKS	A	L166N
3NKS	A	R97G
2IVD	A	S20T
2IVD	A	W408L
2IVD	A	S20A
2IVD	A	E39D
2IVD	A	W408Y
2DDH	A	Y232S
2DDH	A	Y232F
2DDH	A	Y232G
2R0N	A	E414D
4C3X	I	Y487F
4C3X	I	Y119F
4AT2	A	W136F
4AT2	A	S468T
1F06	B	A569R
3WBF	A	T171S/R181F
3WBF	A	W121L/H227I
3WBF	A	R71S
3WBF	A	V14L
3WBF	A	T70S
3WBF	A	R181F
3WBF	A	M152Q
3WBF	A	R71E
3WBF	A	R181F/H227V
3WBF	A	T171S/H227V
3WBF	A	K159R
3WBF	A	V156D
3WBF	A	T171S
3WBF	A	T171S/R181F/H227V
3WBF	A	F146W/M152Q
3WBF	A	V68M
3WBF	A	H227C
3WBF	A	R71I
3WBF	A	H227V
3WBF	A	R71Q
3WBF	A	P69G
3WBF	A	S90T
3WBF	A	R71K
1C1D	A	K67Q/S148G/N263C
6G1H	A	E102A
5GUD	A	K136A
5GUD	A	R290A
5GUD	A	S265A
2YG4	A	E324L
2YG4	A	A394C/A396T/Q431G
2YG4	A	P15I/A394C
2YG4	A	A394C
2YG4	A	E324A
3X0V	A	D315A
3X0V	A	D212A/D315A
3X0V	A	D212A
1RYI	A	M261I
1RYI	A	M261R
1RYI	A	G51S/A54R/H244A
1RYI	A	A54R
1RYI	A	G51R/A54R
1RYI	A	Y241H
1RYI	A	A54R/H244K
1RYI	A	M49T
1RYI	A	G51Q
1RYI	A	G51H
1RYI	A	H244A
1RYI	A	H244K
1RYI	A	G51R
1RYI	A	M49I
1RYI	A	M49L
1RYI	A	A54R/H244K/M261R
1RYI	A	H244R
1RYI	A	M261Y
1RYI	A	H244N
1RYI	A	H244Q
1RYI	A	T42A/C245S/L301V
1RYI	A	M49L/A54R/H244K
1RYI	A	H244K/M261R
1RYI	A	G51S/A54R
1RYI	A	A54E
1RYI	A	Y246W
3WEU	A	C448A
3WEU	A	C448D
2CFG	A	D298A
1AN9	A	I230A/R283G
1AN9	A	R283G
1AN9	A	I230F/R283G
1AN9	A	I230C/R283G
1AN9	A	Y228L
1AN9	A	Y228L/R283G
1C0P	A	Y1238R
1C0P	A	Y1238S
1C0P	A	Q1339E
1C0P	A	Y1223S
1C0P	A	S1335R
1C0P	A	S1335H
1C0P	A	M1213E
1C0P	A	M1213R
1C0P	A	Y1223F
1C0P	A	Q1339N
1C0P	A	S1335G
1C0P	A	Y1238F
1C0P	A	G1052V
1C0P	A	M1213R/Y1238R
1S3E	A	Y435L
1S3E	A	Y435F
1S3E	A	Y435W
1S3E	A	Y435H
2VVM	A	W230I/T354S/W430R/M242R/Y365V
2VVM	A	W230R/W430C/C214L
2VVM	A	W230I/T354S/W430R
2VVM	A	W230I/W430R
1JNW	A	R14E
1JNW	A	Y17F
1DNL	A	D49A
1DNL	A	N84A/K145A/F177A
1NRG	A	R229W
1NRG	A	R116Q/R225H
1NRG	A	R141C
1DNL	A	N84W/K145A/F177A
1JNW	A	R14M
1NRG	A	G118R
1NRG	A	R95C
1NRG	A	R116Q
3NYC	A	S1045A
3NYC	A	A1046G
3NYC	A	Y1053F
3NYC	A	Y1249F
3C7A	A	Q118A
3C7A	A	Q118D
3C7A	A	R324A
3C7A	A	C148S
3C7A	A	C148A
5UAV	A	T238A
3FST	C	L223A
3FST	C	L223L
2W3W	A	D31E
2W3W	A	D31A
2W3W	A	D31L
2W3W	A	D31N
2W3W	A	D31Q
2W3W	A	L32A
2W3W	A	L32F
1KMV	A	F32R/F35A/Q36N
1KMV	A	F32A/F35V/Q36H
1KMV	A	F32R/Q36E
1KMV	A	Q36S/N65F
1KMV	A	Q36S/N65S
1KMV	A	F32S/Q36E
1KMV	A	Q36K
1KMV	A	N65F
1KMV	A	Q36K/N65F
1KMV	A	F32G/Q36N
1KMV	A	Q36S
8DAI	A	M1A/C85A/C152S
8DAI	A	M1A/M16F/M20L/M42Y/M92F/C85A/C152S
2FZI	A	K37S/F69S
2FZI	A	K37S
2FZI	A	K37S/F69N
2FZI	A	K37Q
2FZI	A	K37Q/F69S
2FZI	A	K37Q/F69N
2FZI	A	F69S
3IX9	A	Y26Y/A78V/H81H/S91S/A133A/T149T
1D1G	A	V12D
2W3W	A	L32D
1KMV	A	F32P/Q36E
1KMV	A	F32P/Q36H
1KMV	A	F32R/F35T/Q36R
1KMV	A	F32R/F35T/Q36S
1KMV	A	N65S
8DAI	A	M1P/C85A/C152S
8DAI	A	M1A/M16S/M20L/M42Y/M92F/C85A/C152S
8DAI	A	M1S/C85A/C152S
8DAI	A	M1A/M16N/M20L/M42Y/M92F/C85A/C152S
8DAI	A	M1A/M16N/M20L/M42Y/C85A/M92F/C152S
1J3K	C	I51I/N108S/L164L
3DAT	A	Y102F
3DAT	A	F96I
7EXS	A	F235V/F339L
5MBX	A	N313T
5MBX	A	N313A
5MBX	A	N313L
5MBX	A	N313D
1B5Q	D	K328M
1RSG	A	N195A
1RSG	A	D94N
3DJE	A	R112Y/V113F/R114S
3DJE	A	N63D/K64Q/R112W/V113F/R114S
3DJE	A	R112W
3DJE	A	R112Y
1AFS	A	H117A
1AFS	A	D50N
1AFS	A	D50E
1AFS	A	Y55F
1AFS	A	Y55S
3U7R	A	G115F
3U7R	A	G115I
3U7R	A	E77M
3U7R	A	E77K
3U7R	A	E77A
3U7R	A	G118I
3U7R	A	G118F
3U7R	A	S113A
3U7R	A	R95A
3U7R	A	R95E
3U7R	A	R80K
3U7R	A	R80L
3U7R	A	R80E
3U7R	A	Y78A
3U7R	A	E77L
3U7R	A	R80M
2HPV	A	N106A
2HPV	A	R21G
2HPV	A	N121A
2HPV	A	E16G
2HPV	A	W62A
2HPV	A	R18G
2HPV	A	L59G
4N65	A	Y131F
6TPO	A	H394A
2RDZ	A	H264N
3MKH	A	D399N
2C12	B	S276A
2C12	B	D402E
2C12	B	R409K
2C12	B	S171A
2C12	B	C397S
1MO9	A	M140A
4WQ8	A	K235G
4WQ8	A	K235N
2A9D	A	Y322N/R450M
3P0K	A	H227A
3P0K	A	H161A
3P0K	A	E174A/H227A
5FA9	A	E165A
5FA9	A	Y163A/E165A
4MN7	B	C60S
3T0K	A	C160S
3T0K	A	C128A
3T0K	A	C128S
3T0K	A	H132A
3T0K	A	C160A
3T0K	A	C356S
7BKG	A	D197A
7BKG	A	Y20F
7BKG	A	Y20A
6GKV	A	F332A
6GKV	A	E204G
5F2K	A	Q31A
3THR	A	Y22F
3THR	A	Y22S
3THR	A	Y22T
3THR	A	Y22V
3THR	A	Y22G
3THR	A	Y22A
2YX1	A	P267A
3PFG	A	H123A
3PFG	A	H123N
2G72	A	V53A
2G72	A	D267A
2G72	A	E185Q
2G72	A	E185D
2G72	A	E185A
2G72	A	D267N
2G72	A	Y35F
2G72	A	K57A
2G72	A	E219A
3KMT	A	L116A
3KMT	A	Y109G
6H40	A	E78A
6H40	A	H79A
6QYQ	A	L198P
3BHL	A	K48Q
6MBK	A	R74A
6MBK	A	Y312F
6MBK	A	N277A
1LS3	A	E57Q
5XVT	A	R525L
5XVT	A	H27A
6YR3	A	F132Y
6YR3	A	E60Q/F132Y
5EJ8	A	R395A
5EJ8	A	R413K
5EJ8	A	R395K
5EJ8	A	R395K/R413K
2X7J	A	R106A
2X7J	A	R32A
2X7J	A	F490A
5EJ8	A	R107K
5EJ8	A	S32A
2X7J	A	I489A
4M99	A	H210F
4M99	A	D332A
4M99	A	Q369A
3OV2	A	H303Q
3OV2	A	G211F
2Y7E	A	E143Q
2Y7E	A	E143G
2Y7E	A	S82G
3W6S	A	Y121A
3W6S	A	Y89A
1VI1	A	R120A
4AG9	A	Q155W/C158G
2O28	A	E156A
2O28	A	E156D
2ZFN	A	D288N
3TO7	A	C304S
3TO7	A	C304A
3TO7	A	E338Q
5H84	A	T118G
4BMK	A	N100Y
4BMK	A	R378K
4BMK	A	R378A
4BMK	A	R378N
4BMK	A	N100W
4BMK	A	N100C
2H3U	A	S554A/M564G
2H3U	A	M564G
2H3U	A	S554A
2H3U	A	H343E
6ROP	A	R606A
5O6H	A	Y180A
5O6H	A	Y180F/N246A
5O6H	A	V181A
5O6H	A	Y192A
5O6H	A	V181L
2DG5	A	S463T
2AFW	A	E201D
2AFW	A	W329A
2AFW	A	W207F
2AFW	A	W207L
2AFW	A	K144A
2AFW	A	Q304L
2AFW	A	F325A
3HQ1	B	H379A
3HQ1	B	E218A
3HQ1	B	Y410F
3HQ1	B	Y169F
3IVS	A	Q364R
5UQR	A	G352A
1OYG	A	R360S
1OYG	A	H243L
4IRP	A	Y199F
5VCM	A	W346A
5VCM	A	Y294A
5VCM	A	E259A
3S4B	A	T508A/N667T
3S4B	A	T508I/N667A
3S4B	A	A397V/T508A/A512T/D557N/N667T/G681S
2ZUV	A	S336A
2ZUV	A	P161S/S336A
2ZUV	A	N166A
2ZUV	A	V162T
2ZUV	A	P161S
2ZUV	A	Y362F
2ZUV	A	F364N
1NLM	A	T16A
1NLM	A	R261A
1NLM	A	N292A
1NLM	A	S192A
1ESW	A	F366L
5B68	A	H461R
5B68	A	H461S
5B68	A	H461A
5B68	A	H461W
5B68	A	H461D
2Q6V	A	Y292A
2Q6V	A	Q310A
2Q6V	A	E272A
2Q6V	A	K307A
2Q6V	A	E272D
2Q6V	A	M231A
4DEC	A	H258A
4DEC	A	R261A
4DEC	A	T187A
2BO4	A	T139A
2BO4	A	R218A
2BO4	A	H217A
2BO4	A	M229A
2BO4	A	D135A
1RRV	A	D13A
4Y63	A	S185N
4Y63	A	M214V
4Y63	A	M214T
4Y63	A	P234S
4Y63	A	S185C
4Y63	A	M214R
2FFU	A	L310A
1O7Q	A	R365K
1O7Q	A	H280Q
1O7Q	A	E317Q
7ZSL	A	Y88I
7ZSL	A	Y88L
7ZSL	A	Y88D
7ZSL	A	Y88T
7ZSL	A	Y88M
7ZSL	A	Y88E
7ZSL	A	Y88S
7ZSL	A	Y88A
7ZSL	A	Y88C
7ZSL	A	Y88Q
7ZSL	A	Y88R
7ZSL	A	Y88F
7ZSL	A	Y88V
7ZSL	A	Y88H
7ZSL	A	F159Y
7ZSL	A	Y88W
5IFK	A	N256D
5IFK	A	N256E
7ZSL	A	T242A
7ZSL	A	H86A
1ZYK	A	I36E/M47D/D83G/F149S/I169T
1ZYK	A	I36E/M47D/D83G/F149S
1ZYK	A	D223N
1ZYK	A	I36E/M47D/T77I/D83G/F149S
1ZYK	A	H107A/P178A
1ZYK	A	I36E/M47D/D83G/F149S/F193S
1ZYK	A	R164A/H154A
1ZYK	A	I36E/M47D/D83G/N109S/F149S
1ZYK	A	R164A
1ZYK	A	I36E/M47D/T77I/D83G/F149S/N109S/I169T/F193S/L320M
1ZYK	A	I36E/M47D/D83G/F149S/L320M
1ZYK	A	H107A
1ZYK	A	D83G/F149S
1ZYK	A	E224Q
1ZYK	A	K106Q
1ZYK	A	I36E/M47D/T77I/D83G/F149S/I169T/F193S/L320M
1ZYK	A	D83G
3QPB	A	H169A
4L5C	A	S12T
4L5C	A	N87T
4L5C	A	S12T/N87T
4L5C	A	S12T/N87T/Q289L
4PR3	A	R164A
4PR3	A	R85H
4PR3	A	V34A
4PR3	A	R85A
4PR3	A	V34I
4PR3	A	Y134A
4PR3	A	A15M
4PR3	A	Y134F
4PR3	A	S167A
5N6F	A	Y106F
5EWY	A	Q158A/E160A
1UOU	A	Y199F
1UOU	A	Y199L
1UOU	A	I214A
2F62	A	V19S
2F62	A	V19A
1F8Y	A	F213R/D292S
1F8Y	A	F213R/D292S/N323S
4MPS	A	Q232A
4MPS	A	F208A
4MPS	A	Y119F
2IY7	A	H311A
2IY7	A	D141A
3O2K	A	Y205N
3O2K	A	Y205L
5D86	A	S185G
6JWQ	A	S436F/A613S
6JWQ	A	S436A/A437G
6JWQ	A	A437G
6JWQ	A	A437G/K540E
6JWQ	A	S436F/A437G/A613S
6JWQ	A	S436F/A437G/A613T
6JWQ	A	S436F/A613T
1JQ3	A	Y76F
1JQ3	A	D173A
1JQ3	A	D170A
1JQ3	A	D101I
6D5X	A	D218N
6D5X	A	K78R
6D5X	A	D64G
6D5X	A	S126L
6D5X	A	G63E
6D5X	A	S68F
6D5X	A	F83S
6D5X	A	H183Y
6J3G	A	N24A
6J3G	A	N22A
6J3G	A	Y46A
2VO4	A	S13A
5J41	A	I105V
3WYW	A	S67A
3WYW	A	V54A
3WYW	A	H52A
3WYW	A	R68A
3WYW	A	E66A
3WYW	A	S11A
5J41	A	I105V/A114V
1X8R	A	H385A
1X8R	A	K22A
1X8R	A	K22R
1X8R	A	E341M
1X8R	A	G96A/A183T
1X8R	A	E341C
1X8R	A	D313A
1X8R	A	E341A
1X8R	A	D313N
1X8R	A	D313C
1X8R	A	G96A
1X8R	A	D313L
1X8R	A	E341Q
3C6K	A	E355Q
3C6K	A	D203A
3C6K	A	D203N
3C6K	A	D278N
2ZE6	A	Y211T
2ZE6	A	D173G
2ZE6	A	H214L
2E8V	A	H144A
2E8V	A	N106A/N109A
2E8V	A	N106A
2E8V	A	N106A/Y110A
3SGV	B	E81A
3SGV	B	S71A
3SGV	B	N74A
3SGV	B	R77A
3SGV	B	D26E
3SGV	B	D26K
3SGV	B	D26R
3SGV	B	D150A
3SGV	B	E96A
3SGV	B	W91F
3I4Z	A	R244Y
3I4Z	A	R244M
3I4Z	A	R244L
3X44	A	S121A
3X44	A	Y97M
3X44	A	Y97F
3X44	A	S121M
3X44	A	V74T
4UMA	A	S213G
1PHW	A	N1026C
3FYP	D	C23C/D269E
3FYP	D	C23C
1P7L	A	N103K
1P7L	A	I302V/I64V/L185V/N103K
7RWG	A	Q113D
5B36	A	F225A
5ZE6	A	D211A
5ZE6	A	Q208A
5ZE6	A	K235L
5ZE6	A	R48A
5ZE6	A	T171V
5ZE6	A	H77A
5ZE6	A	D88A
5ZE6	A	D85A
5ZE6	A	D84A
5ZE6	A	R93A
8E9D	A	I33Q/Y214Q/R280Y
6F5V	B	E61K
6F5V	B	A121G
6F5V	B	T37V
4NOG	A	V79Y
6OIA	B	R180T
1SF2	A	I50Q
1SF2	A	E211S/I50Q/G295Y/V241A
1SF2	A	E211S/I50N/V80D
1SF2	A	E211S/I50G/C77R
1SF2	A	E211S/I50G
1SF2	A	E211S/I50G/C77K
1SF2	A	E211S
1SF2	A	V241A
1SF2	A	I50Q/G295Y
1SF2	A	E211S/I50H/V80T
1SF2	A	E211S/I50H/V80D
1SF2	A	E211S/I50N/V80T
2Z9V	A	M2T/Y35H/V70K
2Z9V	A	Y35H/V70R/F247C
2Z9V	A	V70K
2Z9V	A	M2T/Y35H/V70K/E212G
2Z9V	A	Y35H/V70K
2Z9V	A	E68G
2Z9V	A	E68A
2Z9V	A	M2T/V70K
2Z9V	A	V70R/F247C
2Z9V	A	M2T/V70K/E212G
2Z9V	A	V70K/E212G
2CJD	A	E243A
2Z1Y	A	R23Q
2Z1Y	A	R23A
1H0C	A	R118A
1MLY	A	Y144F
1MLY	A	Y17F
3F9M	A	Y214A
3F9M	A	V62M
3F9M	A	Y215A
3F9M	A	C252Y
3F9M	A	S64R/E67D/S69T
3F9M	A	W167F
3F9M	A	V452L
3F9M	A	T65I
3F9M	A	S64Y
3F9M	A	S64P
3F9M	A	A456V
3F9M	A	G68V
3F9M	A	Y214A/V452A
3F9M	A	G68K
3F9M	A	W99F
3F9M	A	W257F
3F9M	A	V91L
3F9M	A	Y214C
3F9M	A	V455M
4EHX	A	R119A
4EHX	A	H143A
4EHX	A	Q142A
4EHX	A	R72A
4EHX	A	R171A
4EHX	A	D139N
4EHX	A	D139A
2VP0	A	Q81E
1U2X	A	D455A
4B8R	A	E308Q
4B8R	A	E279D
4B8R	A	E279Q
4B8R	A	E279L
5C40	A	E202L
5C40	A	N199L
6FJK	A	N239A
6FJK	A	R192A
6FJK	A	N238A
6FJK	A	K200A
6FJK	A	R45A
6FJK	A	Y419A
6FJK	A	R415A
6FJK	A	H196A
4OCJ	A	N213A
4OCJ	A	K210A
2ITM	A	D233A
4RKS	A	T275A
4RKS	A	L18A
4RKS	A	R185K
6CD7	B	F95Y
6CD7	B	F95M
1W4R	A	M28I
1W4R	A	T163S
1W4R	A	M28A
1W4R	A	L124A
3UIE	A	D136N
3UIE	A	D136A
1UOD	A	H66A
1UOD	A	H66N
4C5K	A	C214D
3KEU	A	D235A
3KEU	A	D235N
3W34	A	Y93Q
3W34	A	Y93W
3W34	A	Y93E
3W34	A	Y93T
3W34	A	Y93D
3W34	A	Y93H
3W34	A	Y93L
3W34	A	Y93C
3W34	A	Y93M
3W34	A	Y93P
3W34	A	Y93V
3W34	A	Y93A
3W34	A	Y93F
3W34	A	Y93S
3W34	A	Y59F
3W34	A	Y93G
3W34	A	Y93I
3W34	A	Y93N
6Q3X	A	M185L
6Q3X	A	R228K
6Q3X	A	M60V/M185L/M180V/D268E/A334S/R366Q/G373S/Y379W
6Q3X	A	M60V/M180V/D268E/A334S/R366Q/G373S/Y379W
6Q3X	A	M60V/M180V
6Q3X	A	R105M
6Q3X	A	R228M
6Q3X	A	M185L/Y379W
6Q3X	A	M180V
6Q3X	A	E174D
6Q3X	A	M60V/M180V/A334S/D268E/G373S
6ZFH	A	M60V/M180V/A334S/D268E/R342Q/G373S
6Q3X	A	M60V/M180V/A334S
6Q3X	A	M60V/M180V/A334S/G373S
6Q27	A	Y160A
6Q27	A	Y160F
7ZIA	A	R104M/D133A
7ZIA	A	A100V/R104M/D133A
7ZIA	A	R104Q/D133G
7ZIA	A	R104Q/D133N
7ZIA	A	A100V/R104M/D133S
7ZIA	A	D47E/R104Q/D133G/N163I/F242L
7ZIA	A	R104L/D133A
7ZIA	A	R104M/D133S
7ZIA	A	S45S/S59S/S146S
7ZIA	A	A100V/R104M/D133T
7ZIA	A	R104M/D133N
7ZIA	A	R104M/D133T
4V24	A	D167N
7WF5	A	H384Q
7WF5	A	H384A
7WF5	A	H384Y
7WF5	A	H384Y/Y527F
3LKM	A	K722N
3LKM	A	R592L
1G99	A	G331Q
1G99	A	G331A
1G99	A	G331Q/I332M
1G99	A	N211S
1G99	A	G239S
1G99	A	G239A
1G99	A	N211T
1G99	A	N211A
3B6R	B	I69L
3B6R	B	V325A
3B6R	B	I69V
3B6R	B	I69A
5MAQ	A	N121D
5LLB	A	D62A
5LLB	A	K66A
5LLB	A	D192A
5LLB	A	R178A
5LLB	A	R118A
5LLB	A	D117N
6DZG	A	H102K/A106E/V115T
1KDO	A	D132N
1KDO	A	R188M
1KDO	A	R110M
1KDO	A	S36A
1KDO	A	D132A
1KDO	A	D132H
1KDO	A	D132S
3K56	A	H60Q
3LL5	A	K204A
2C95	A	R128W
3DL0	A	Q199R
2C95	A	G64R
2C95	A	G40R
4ANE	A	D93N
3S4Y	A	D71N
3S4Y	A	T99A
3S4Y	A	S74A
3S4Y	A	Q96E
3S4Y	A	D133N
3S4Y	A	D100N
3S4Y	A	R131G
3S4Y	A	D73N
1HXP	A	C160A
1HXP	A	S161A
1HXP	A	E182A
3ELB	A	H38A
3ELB	A	H226A
3ELB	A	H229A
7Q9V	A	H630N
3G6K	A	W184A
3G6K	A	R297A
3G6K	A	R300A
3G6K	A	R297A/R300A
3G6K	A	D181A
3G6K	A	D168A
3G6K	A	N62S
3G6K	A	N62A
1YP3	A	G144L
1YP3	A	G144A
6CKM	A	R173A
6CKM	A	Q104A
6CKM	A	F192A
6CKM	A	N175A
6CKM	A	Y179A
6CKM	A	F193A
6CKM	A	D211A
2IKF	A	N147A
2IKF	A	S188A
2IKF	A	S148A
2IKF	A	Y189F
2IKF	A	R307A
2IKF	A	D297A
2IKF	A	E300A
2IKF	A	R141A
2IKF	A	R121A
2IKF	A	D297N
1I52	A	R109A
1I52	A	D106E
1I52	A	K27S
1I52	A	R19K
1I52	A	R20K
1I52	A	R20A
1I52	A	R19A
4URG	A	R158A
2C43	A	R57A
2C43	A	R96A
2C43	A	Q122E
2C43	A	E191Q
2C43	A	H121A
2C43	A	K195A
2C43	A	D139A
2C43	A	E191A
6UY5	A	H55A
6UY5	A	R92A
6UY5	A	E96A
3WJ1	A	A241N/Q249P/G250E/F276S
3WJ1	A	Q249P/G250E
5G5M	A	W194A
5G5M	A	F198A
2RAU	A	R210A
4RE5	A	F488W/R526V/T560W
4RE5	A	F488Y/R526V/T560W
4RE5	A	R526V
4RE5	A	F488P/R526V/T560W
4RE5	A	W474V/R526V/T560W
4RE5	A	D524N
4RE5	A	W474Q/R526V/T560W
4RE5	A	W474V/F488G/R526V/T560W
4RE5	A	F488G/R526V/T560W
4RE5	A	D524A
4RE5	A	R526V/T560W
4RE5	A	F488A/R526V/T560W
4RE5	A	F488S/R526V/T560W
4RE5	A	W474A/R526V/T560W
3OVG	A	K29A
3OVG	A	H100N
3OVG	A	E34Q
5CB3	A	N25A
6LH4	A	D184A
6LH4	A	G270E
6LH4	A	N174A/D184A
6LH4	A	T226A
6LH4	A	S268A
6LH4	A	N174A
6LH4	A	N171A
5CB3	A	D35A
6LH4	A	D160A
6HSW	A	W376A
6HSW	A	S304E/E374A
6HSW	A	S281A
6HSW	A	S304E
6HSW	A	W376D
6HSW	A	F174A
6HSW	A	F174D
6HSW	A	E374A
4J0D	A	E357A
4J0D	A	D421A
4J0D	A	P356G
7ZPG	A	S169S/S176S
7ZPG	A	S169S/S176S/K226A
7ZPG	A	S169S/S176S/K165A
7ZPG	A	H54A
7ZPG	A	H272Y
7ZPG	A	H272S
7ZPG	A	H272A
7ZPG	A	H49A
7ZPG	A	S169S/S176S/K160A
7ZPG	A	S169S/S176S/A36A/K226A
7ZPG	A	S169S/S176S/A36A
5VRK	A	M263F
5VRK	A	M263V
5VRK	A	M263I
5VRK	A	M263L
5VRK	A	M263T
5VRK	A	M263M
1DIN	A	Q35H/F38L/C123S/Y137C/Y145C/E199G/S208G/G211D
1DIN	A	Q35H/F38L/C123S/Y145C/E199G/S208G/G211D
1DIN	A	Q35H/F38L/Q110L/C123S/Y145C/E199G/S208G/G211D
1DIN	A	Q35H/F38L/Q110L/C123S/Y137C/Y145C/K154D/E199G/S208G/G211D
1DIN	A	Q35H/F38L/C123S/Y145C/K154D/E199G/S208G/G211D
1DIN	A	Q35H/F38L/Q110L/C123S/Y145C/K154D/E199G/S208G/G211D
4DI9	A	H33N
4DI9	A	H31N
4DI9	A	A248N
4DI9	A	A248A
4ZRS	A	I27I/L84L/I161I/L195L/C243C/V259V
1UWC	A	L35F/K58I/T78I/T84I/A119T/Q142H/S184T/Q198H/V199A/Q206R/C256S
1UWC	A	L35F/K58I/T78I/T84I/A119T/Q142H/S184T/Q198H/V199A/Q206R
5EHT	A	F107W
5EHT	A	C64C/F68C
3DHA	A	A210F
3DHA	A	V73L
3DHA	A	F68A
3DHA	A	A210V
3DHA	A	V73F
3DHA	A	F68W/V73W/A210F
3DHA	A	V73I
3DHA	A	F68L
3DHA	A	V73A
3DHA	A	A210W
3DHA	A	V73W
3DHA	A	F68W
3DHA	A	F68W/A210F
3DHA	A	V73W/A210F
3DHA	A	F68W/V73W
3DHA	A	A210L
3DHA	A	A210I
3I2K	A	W151A
3I2K	A	L407A
3I2K	A	F408A
3I2K	A	S117C
3I2K	A	L169K
3I2K	A	F261A
3I2K	A	W166A
3C6B	A	C60K/I197I
3C6B	A	M162H
3C6B	A	M162H/C60S/I197I
3C6B	A	C60R/I197I
3C6B	A	I197I
3C6B	A	C60H/I197I
3C6B	A	L58H/I197I
3C6B	A	C60S/I197I
3C6B	A	C60Q/I197I
3C6B	A	I197I/C60S
3BJK	A	N29A
3F5O	A	S83A
3F5O	A	H137A
3F5O	A	H56A
3F5O	A	K136A
3F5O	A	D65N
3F5O	A	N50A
3F5O	A	T69A
3F5O	A	D65E
3F5O	A	H134A
1Q4T	A	T77V
1Q4T	A	D31N
1Q4T	A	E73D
1Q4T	A	Q58A
1Q4T	A	H64Q
1Q4T	A	D31A
1Q4T	A	E73D/T77A
1Q4T	A	E78A
1Q4T	A	Q58E
1Q4T	A	R102A
1Q4T	A	R150A
1Q4T	A	E73A
1Q4T	A	T77A
1Q4T	A	E73Q
1Q4T	A	T77S
1Q4T	A	E73D/T77S
1Q4T	A	T77D
1Q4T	A	H64A
1Q4T	A	Q58D
3KV8	A	E50A
3KV8	A	T42S
2VW8	A	E182A
2P18	A	Y291R
2W5V	A	S42G/D135E
2W5V	A	S86A
2W5V	A	S86A/G87A
2W5V	A	D135E/G149D
2W5V	A	D135E
2W5V	A	G87A
3E8M	A	E56A
3E8M	A	T34A
3E8M	A	S37A
7WJV	A	E19K
3F3K	A	H178A
3F3K	A	R181A
3F3K	A	H244A
3F3K	A	S19A
3F3K	A	W131A
3LG2	A	H268A
3ROJ	A	R314A
3ROJ	A	R164A
6AYY	A	T118S
7WJV	A	E19K/M178T/C180Q
3F3K	A	Y24A
3F3K	A	R69A
3ROJ	A	F309A
3ROJ	A	N213A
3ROJ	A	R307A
3ROJ	A	H215A
5E0O	A	Y221A
5E0O	A	Y225A
5E0O	A	W280A
5Z5A	A	E132A
5Z5A	A	D63A
5Z5A	A	G95A
5Z5A	A	Q136A
5Z5A	A	D63N
5Z5A	A	E132L
5Z5A	A	E132Q
5Z5A	A	D63N/E132A
7F5O	A	P181C/P186C
7F5O	A	P181C
7F5O	A	F183C
7F5O	A	G184C
7F5O	A	P181C/E187C
4DA1	A	N94K
1TBF	A	Q817A
1TBF	A	F786A
1TBF	A	Y612A
1TBF	A	L765A
1TBF	A	Y612F
1TBF	A	F820A
1TBF	A	V782A
1TBF	A	H613A
3SY8	D	Q161A
3SY8	D	R179A
3SY8	D	E355A
3SY8	D	T267A
3SY8	D	E352Q
3SY8	D	E352D
3SY8	D	Q372A
3G1P	A	H200A
3G1P	A	H222A
3G1P	A	H78A
3G1P	A	D164A
3G1P	A	D80A
6G60	A	H104A
6G60	A	E386L
1HZY	A	H257L
1HZY	A	I106C/F132V/H254Q/H257F
1HZY	A	A80V/F132V/K185R/H254Q/H257Y/I274N
1HZY	A	H254R/H257F
1HZY	A	I106C/F132V/H254Q/H257F/S308L
1HZY	A	A80V/F132V/K185R/H254Q/H257Y/I274N/S308L
1HZY	A	F132V/H254Q/H257F/S308L
1HZY	A	H254Q/H257F
1HZY	A	A80V/I106G/F132V/K185R/H254Q/H257Y/I274N/S308L
1HZY	A	A80V/I106C/F132V/K185R/H254Q/H257Y/I274N
1HZY	A	H254R/H257L
1HZY	A	A80V/I106C/F132V/K185R/H254Q/H257Y/I274N/S308L
1HZY	A	I106G/F132V/H254Q/H257F
1HZY	A	F132V/H254Q/H257F
1HZY	A	I106C/F132V/H254Q/H257Y/A270V/L272M/I274N/S308L
1HZY	A	I106G/F132V/H254Q/H257F/S308L
1HZY	A	A80V/I106G/F132V/K185R/H254Q/H257Y/I274N
1HZY	A	I106G/F132V/H254Q/H257Y/A270V/L272M/I274N/S308L
1HZY	A	H254R
1HZY	A	I106C/F132V/H254Q/H257Y/A270V/L272M/I274N/S308L/Y309F
1P6B	A	F132Y/L140Y
1P6B	A	F132Y
3O4P	A	E37A/Y144A/R146A/T195M
3O4P	A	E37D/Y144A/T195M
1SWW	A	A12E
2HJP	A	R188A
5AHS	A	Q246E
1LI4	A	N27K
1LI4	A	D293A
6F3P	A	Q65A
1HT6	A	S402P
1HT6	A	S402T
4ACY	A	E332A
2UY5	A	F210W/A283S
2UY5	A	A283S
5DGR	A	D139E
5DGR	A	D139S
5DGR	A	D139A
2VUR	A	W490A
2VUR	A	V331C
2VUR	A	D297N
2VUR	A	N396A
2VUR	A	D298N
2VUR	A	Y335F
2VUR	A	D401A
1VD5	A	H339S
5NZ4	A	H275Y/S247N
5NZ4	A	S247N
5NZ4	A	V223V
5NZ4	A	H275Y/V223V
5NZ4	A	H275Y
1EUS	A	Y370G
3WUX	A	S365H
3WUX	A	S368G
3WUX	A	S370I
3WUX	A	T235A
2YHW	A	D517A
5AEG	B	Q262K
5AEG	B	Q262K/Q288E
1BTC	A	T343S
1BTC	A	T343V
1BTC	A	T343A
4PTX	A	N222F
4PTX	A	N294T
4PTX	A	Y296F
4PTX	A	F417S
4PTX	A	F417Y
5CG0	A	E190Q
5CG0	A	E190A
5CG0	A	K201F
5CG0	A	E194A
5CG0	A	K201A
1H49	A	V198V
1H49	A	V198V/F259L/P431A
1E4N	A	F205A
2X41	A	D58A
2X41	A	E458G
2X41	A	D242G
2X41	A	W243F
4ZOC	A	R572K
6GVD	A	D327G
6GVD	A	L195C
6GVD	A	G385L
4FNS	A	W336D
4FNS	A	W336N
4FNS	A	W336S
4FNS	A	W336A
4FNS	A	W336F
1UWS	A	F441Y
1UWS	A	F359Q
4IUG	A	W806F
5GOO	A	R429N
5GOO	A	R429A
3VVG	A	D385N
3QXF	A	G117S
3AMQ	A	Y61G
3VVG	A	E201Q
3VVG	A	H297N
3VVG	A	Y299F
6Q2F	A	D762A
6Q2F	A	D551A
5O0S	A	D508N
5O0S	A	R786H
5O0S	A	D508H
3OZO	A	W448F
3OZO	A	W448A
3OZO	A	V327G
3OZO	A	W490A
3OZO	A	E328A
3OZO	A	E328Q
3RPM	A	E361A
3RPM	A	W443A
3RPM	A	W443F
3RPM	A	C469Y
3RPM	A	Y482A
3RPM	A	Y482F
6ZT7	A	H69H/M352M
6ZT7	A	E28A
6ZT7	A	E298D
6ZT7	A	E176D
6ZT7	A	E176Q
6ZT7	A	E298Q
6ZT7	A	E176A
6ZT7	A	M352M
6ZT7	A	E28D
6ZT7	A	H69H/G179F/M352M
6ZT7	A	E28Q
6ZT7	A	H69H/N216W/M352M
6SXV	A	E175A
1MVE	A	E24I
1DYP	A	R196A
5BRP	A	K292A
3EPW	A	C248P
3EPW	A	R252P
5MJ7	A	C253A
5MJ7	A	C42A
4WKB	A	A113P
4WKB	A	A113P/V153I/R158G
4WKB	A	A113P/V153I
4WKB	A	V153I
3KOU	A	D147A
3KOU	A	W118A/W181A
3KOU	A	E138A
3KOU	A	E218Q
3KOU	A	W181F
3KOU	A	W118A
3KOU	A	W181A
3KOU	A	E218A
3KOU	A	E138Q
3KOU	A	W118F
3KOU	A	W118H
3B9X	A	T223Y
3B9X	A	Q227Y
3B9X	A	T223A
3B9X	A	Q227F
3B9X	A	T223Y/Q227Y
3B9X	A	Q227A
3B9X	A	T223F
3B9X	A	T223F/Q227Y
4GAA	A	F375Y
1NWW	A	S15P/M78F/N92K/F139V/T76K/T85K/E45D/I80V/E124D
1NWW	A	S15P/M78F/N92K/F139V/T76K/T85K
1NWW	A	S15P/M78F/N92K/F139V
1NWW	A	T76K/L114V/I116V
1NWW	A	N55A
1NWW	A	S15P/M78F
1NWW	A	Y53F
1NWW	A	T76K/L114V/I116V/N92K/F139V/L147F/S15D/A19K/L74F/M78F/E45D
1NWW	A	T76K/L114V/I116V/N92K/F139V/L147F
1NWW	A	T76K/L114V/I116V/N92K/F139V/L147F/S15D/A19K/L74F/M78F
2GZ5	A	F300M
3PKA	A	C105V
3PKA	A	C105T
3PKA	A	C105S
1WM1	A	F236A
1WM1	A	Y149A
1WM1	A	F139A
1WM1	A	C271A
3CTZ	A	R535A
3CTZ	A	Y527F
1ONW	A	D285N
1ONW	A	Y137A
1ONW	A	Y137F
1ONW	A	D285A
5B74	A	T53Q
4RA9	A	T53Q/K274E
4RA9	A	K274E
4PXE	A	Q257N
4PXE	A	Y423F
4PXE	A	H290Q
4PXE	A	H424N
3V8E	A	H53A
3V8E	A	H94A
3V8E	A	K122A
3V8E	A	D51A
3V8E	A	D51N
3V8E	A	D8E
3V8E	A	D8A
3V8E	A	D8N
3V8E	A	K122R
5JYO	D	Y394L
5JYO	D	F322S
4O7D	A	F322S/F318Y
2P53	A	N61H
2P53	A	E131Q
2P53	A	Q59A
2P53	A	E131A
2P53	A	H143Q
2P53	A	H251N
2P53	A	N61A
2P53	A	K139M
2P53	A	H143N
2P53	A	Q59H
2P53	A	N273A
2P53	A	N273N
2ZMA	A	R187S
2ZMA	A	R187A
2ZMA	A	R187G
6WBQ	A	A94A
6WBQ	A	E274L
6WBQ	A	N93A
2VL1	A	H262A
2VL1	A	H397N
2VL1	A	R322A
2VL1	A	E159A
2VL1	A	E159D
3E3U	A	M145C
1OR0	A	N68H
1OR0	A	M73V/Q93K/T176S
1OR0	A	N68S
1OR0	A	F177L
1V7Z	A	W154F
1V7Z	A	E122Q
1V7Z	A	Y121A
1V7Z	A	W174F
4YIW	A	N93A
2WK0	A	E180C
3ISG	A	D70A
3ISG	A	D70N
3ISG	A	D70Y
3ISG	A	D70M
3ISG	A	D70W
2AEB	A	D181N
2AEB	A	D181N/S230G
2AEB	A	D181S
2AEB	A	D181E
1D3V	A	N130Y
1D3V	A	N130F
1D3V	A	D183A
1D3V	A	T135A
2CEV	A	D199A
2AEB	A	D181S/S230G
1D3V	A	T135S
2CEV	A	D199N
2CEV	A	E256Q
2CEV	A	E256A
2CEV	A	E256A/E278A
3B1U	A	R374Q
3B1U	A	R441A
3B1U	A	V469T
3B1U	A	R639A
3B1U	A	R372Q
3B1U	A	R372A
3B1U	A	R374A
3B1U	A	V469A
3B1U	A	V469L
7UT0	A	E77A
7UT0	A	L270G
7UT0	A	L29A
4E2S	A	Y252F
4E2S	A	K291R
1RXX	A	E224D
1RXX	A	R243K
1RXX	A	R243L
1RXX	A	N160A
1RXX	A	E224A
1RXX	A	R185L
1RXX	A	R401A
1RXX	A	R185A
1RXX	A	R243A
1RXX	A	R401L
1P6O	A	A223L/D292E/V308I/I340L
1P6O	A	D292E
3IAR	A	M155A
6II7	A	D176M
6II7	A	F136L
6II7	A	D176A/L179A
6II7	A	T174I
6II7	A	T174A
6II7	A	D176A
4CQB	A	D303A
4CQB	A	H219A
4CQB	A	W309F
4CQB	A	D188N
4CQB	A	N304A
4CQB	A	Q160R
4CQB	A	Q160A
4CQB	A	W309A
4CQB	A	N304D
4CQB	A	D188A
4CQB	A	D303N
4CQB	A	K65A
4CQB	A	K65R
1FS5	A	W15Y/W224Y/Y254W
1FS5	A	R172A/K208E
1FS5	A	K208E
1FS5	A	K208V
2BQY	A	Y140F
5QK0	A	R51Q
5QK0	A	R196Q
5QK0	A	W46A
5QK0	A	D133A
5QK0	A	L98A
5QK0	A	D133N
5QK0	A	W28A
5QK0	A	R84Q
5QK0	A	C139A
5QK0	A	W28A/W46A
2BSY	A	D131S/G78D
1EUW	A	D90N
3P48	A	Q114A
3P48	A	Y88A
1SIX	A	D28N
5Y5P	A	D170L
5Y5P	A	D170G
5Y5Q	A	D34N
3T64	A	F46A
2BSY	A	D131N
2BSY	A	D131S
5Y5P	A	F166Y
5Y5P	A	R24T/S115R/D170G
3T64	A	I117A
3T64	A	K96A
5A65	A	Y39A
5A65	A	K193A
5A65	A	D147A
5A65	A	D37A
5A65	A	W53A
5A65	A	K65A
5A65	A	K11A
5A65	A	Y79A
4KH6	A	R492G
4KH6	A	R492G/G493G
4KH6	A	G493G
8I1F	A	D119A
4HI1	A	R20R
3HWP	A	Y229A
3HWP	A	Y229F
3HWP	A	H214A
3HWP	A	H214Q
3HWP	A	E160A
3HWP	A	E274A
1QZ9	A	S36A
1QZ9	A	Y226F
1NZY	B	H90Q
5GZY	A	L288V
5GZY	A	D205E
5GZY	A	N203A
5GZY	A	L288A
5GZY	A	V51F
5GZY	A	L288I
4PIC	A	C13S
5TMA	A	I472A/I476F
5TMA	A	I476F
5TMA	A	I472A
3NX2	A	E134A
3NX2	A	W25A
1PMO	A	H465A
5GJP	A	M50V/A52C/P54D/T55S
5GJP	A	A52C
5GJP	A	A52C/P54D
3N75	A	F14C/K44C/L7M/N8G
1J58	A	E280D
1J58	A	E101Q/E280Q
1J58	A	E101D
1J58	A	E101A
1J58	A	E280A
1J58	A	E101Q
1J58	A	E280Q
1J58	A	W132F
4E1O	A	S354G
3SSJ	A	V182A
3SSJ	A	T159V/V182A/Y206F
3SSJ	A	Q185A
3SSJ	A	Y206F
3SSJ	A	T159V/V182A
3GDL	A	D37A
3GDL	A	Q215A
3GDL	A	S154A
3GDL	A	Y217F
3GDL	A	T100A
3GDL	A	Y217F/R235A
3GDL	A	Q215A/R235A
3GDL	A	Y217A
3GDL	A	S154A/Q215A
3GDL	A	Q215A/Y217F/R235A
3SSJ	A	R160A/Y206F
3SSJ	A	T159V/Y206F
3SSJ	A	R203A
3SSJ	A	V182A/Y206F
3SSJ	A	R160A/V182A
3GDL	A	R235A
3DTB	A	A467G
1FI4	A	S36A
3QT6	A	R193T
3QT6	A	W19F
3QT6	A	W153F
3QT6	A	S192A
8DHT	A	M295D/S363I
8DHT	A	M295D/S363V
8DHT	A	S363V
8DHT	A	S363I
2PAN	A	V51E
2PAN	A	V51D
2PAN	A	E52Q
2PAN	A	V51S
4A29	A	R182A
4A29	A	K210Q
4A29	A	E53Q
4A29	A	R18C
4A29	A	V51Q
4A29	A	F89A
4A29	A	G212E
4A29	A	E53R
1DGD	A	Q52A
5DEI	A	T378L
5DEI	A	T378L/A461Y
5DEI	A	A461Y
5DEI	A	H282T
5DEI	A	H282A
5DEI	A	A461I/F465I
5DEI	A	H71T
5DEI	A	H282F
5DEI	A	A461I
5DEI	A	H282W
5DEI	A	H282Q
5DEI	A	H71L
5DEI	A	H282N
5DEI	A	S27M
5DEI	A	H71A
5DEI	A	H71F
5DEI	A	S27T
5DEI	A	H282Y
5DEI	A	S27L
5DEI	A	H71S
5DEI	A	S27A
5DEI	A	F465I
3IP8	A	G74C/M159L/C188G
3IP8	A	P14V/P15G
3IP8	A	G74C/C188G
3IP8	A	M159C
3IP8	A	G74C/C188S
3IP8	A	Y48F/G74C/M159L/C188G
3IP8	A	Y48F/G74C/C188G
3IP8	A	M159V
3IP8	A	G190A
3IP8	A	M159G
3IP8	A	M159S
3IP8	A	G190S/P14V/P15G
2C31	A	E121Q
2C31	A	E121A
2C31	A	Y120A
2C31	A	Y483A
2C31	A	Y483F
2C31	A	Y120F
2JI6	A	R555A
4F0X	B	E302G
4F0X	B	C206S/C243S
4F0X	B	C243S
3O7J	A	Q88E
4DEL	A	E169A
3ELF	A	D276A
1EUA	A	K133Q/T161K
1FUA	A	N29Q
1FUA	A	T26A
3AHC	A	Q321A
3AHC	A	H142A
3AHC	A	H142N
1JCL	A	S238I/S239I
1JCL	A	S239P
3C6X	A	L121Q
3C6X	A	L121S
3C6X	A	I209G
3C6X	A	V106F/L121Y/F125T
3C6X	A	F210I
3C6X	A	V106F/L121Y
3C6X	A	L148F
3C6X	A	L146M
3C6X	A	L121H
3C6X	A	L121Y/F125T/L146M
3C6X	A	C81L
3C6X	A	L121Y/F125T
3C6X	A	I209A
3C6X	A	L121F
3C6X	A	L121Y
3C6X	A	L121Y/F125T/Y133F
3C6X	A	L121V
3C6X	A	L121W
3C6X	A	F125T/L146M
3C6X	A	L121Y/L146M
3C6X	A	V106F/L146M
3C6X	A	L152F
3C6X	A	L121T
3C6X	A	L121C
3C6X	A	L121I
3C6X	A	L121M
3C6X	A	L121A
3WLX	B	F87A
3WLX	B	F87D
3WLX	B	K222A
3WLX	B	H83F/H126F
3WGB	A	N64E
3WGB	A	H85F
3WGB	A	R171F
3WGB	A	N64I
3WGB	A	R231A
3WGB	A	R313H
3WGB	A	C196T
3WGB	A	H128Y/S292R
3WGB	A	H85Y
3WGB	A	K199R
3WGB	A	D168V
3WGB	A	R171Q
3WGB	A	D168S
3WGB	A	E138A
3WGB	A	S198H
3WGB	A	H128Y
3WGB	A	K224A
3WGB	A	D168N
4B5S	A	R70K
2V5K	A	H45Q
2V5K	A	H45A
1W3I	A	T157F/Y132V
1W3I	A	T157C/Y132V
2NUY	A	V193A
6G1O	A	Q211H
3S5O	A	S77T
3S5O	A	S77A
3S5O	A	N78T
3S5O	A	S198A
3S5O	A	S77V
3S5O	A	N78A
3S5O	A	N78Q
3S5O	A	S198T
3NOJ	A	H75A
3NOJ	A	T145A
3NOJ	A	R123K
3NOJ	A	N71A
3FA3	A	Y44F
3FA3	A	P240T
3FA3	A	P240S
3FA3	A	C124S
3FA3	A	C124A
3FA3	A	D59S
3FA3	A	D59A
4QII	B	D185E
4QII	B	D185N
4QII	B	S190A
5D8G	A	F464A
2YCT	A	F448L
2YCT	A	K256R
2YCT	A	F448A
2YCT	A	S51A
2YCT	A	E69D/K256R
2YCT	A	F448H
2YCT	A	F449A
2YCT	A	K256H
2YCT	A	K256A
3S42	B	E86A
3S42	B	S232A
3S42	B	Q236A
3S42	B	E86Q
3S42	B	K170M
3NON	A	T105V
3NON	A	T105S
1FHV	A	F51Y
1FHV	A	S262G
1FHV	A	L48M
4QYT	A	H130A
5B1H	A	A70S
1EEX	A	T172A
1EEX	A	T172S
1EEX	A	S224N
1EEX	A	S224C
1EEX	A	S224A
1EC7	A	K207Q
1EC7	A	H339A
1EC7	A	Y150F
1EC7	A	D366A
1EC7	A	D366N
1EC7	A	N341L
1EC7	A	N341D
1EC7	A	H339Q
1EC7	A	K207R
1EC7	A	H339N
1BXK	A	C587A
1BXK	A	T534S
1BXK	A	C587S
1BXK	A	K564A
1BXK	A	T534A
1BXK	A	D535N
1BXK	A	H632N
1BXK	A	D535A
1BXK	A	H632Q
1BXK	A	Y560A
1BXK	A	N590D
1BXK	A	H632A
1BXK	A	K599M
1BXK	A	N590A
1BXK	A	K564M
1BXK	A	D535N/E536Q
1BXK	A	E536A
1BXK	A	E536Q
1BXK	A	K599R
1BXK	A	T534V
1BXK	A	Y560F
1BXK	A	N590H
6RP3	A	E110A
6RP3	A	Y108F
3BDK	A	H331A
4EAY	A	N103A/D109A
1DCP	A	H62A
2J5C	A	N338C
2J5C	A	N338L
2J5C	A	N338I/A339T
2J5C	A	N338V
2J5C	A	N338S
2J5C	A	N338I
2J5C	A	N338A
2J5C	A	N338I/A339T/G447S
2J5C	A	N338I/A339T/G447S/I449P/P450T
2GRU	A	E243Q
2GRU	A	K141Q
1B93	A	H98Q
1B93	A	H98N
7KJF	A	F198A
7KJF	A	F96A
1JFA	A	N225D
1JFA	A	S229T
1JFA	A	Y295F
5IL3	A	Y520F
1DGP	A	Y92A
1DGP	A	Y92F
1DGP	A	L108A
1DGP	A	D203L
1DGP	A	L108S
1DGP	A	L108V
1DGP	A	T89F
1DGP	A	L108F
1DGP	A	T89A
1DGP	A	R200K
1DGP	A	N244D
1DGP	A	Y92C
4KWD	A	N305A
4KWD	A	N305A/S297A
1DGP	A	V88F
1DGP	A	V88A
1DGP	A	S248A
4MYD	A	V152G
4MYD	A	F153A
4MYD	A	Y148F
4MYD	A	V152A
4MYD	A	Y148A
2FN1	A	E281D
2FN1	A	T348A
2FN1	A	E281D/T348A
3R6V	B	S319A
5YGR	A	T385D
5YGR	A	D194S
5YGR	A	T385S
5YGR	A	C299V
4D9I	A	D189N
4D9I	A	C291S
4D9I	A	D120N
2IQQ	A	S14A
2IQQ	A	H16A
2IQQ	A	T17A
2IQQ	A	H121A/N123A
1KCZ	A	L384A
1KCZ	A	Q172A
1KCZ	A	T360A
1KCZ	A	T360S
1KCZ	A	C361A
1KCZ	A	Q73A
2I5T	A	Y105F
2I5T	A	Y125F
3V1S	A	V208A
7JZG	A	Y133F
7JZG	A	Y107W
7JZG	A	T44V
7JZG	A	T44S
7JZG	A	R138A
7JZG	A	R138H
7JZG	A	Y107F
5FAU	A	T502A
5FAU	A	Y208F/Y506F
5FAU	A	Y208F
5FAU	A	Y506F
8BIX	A	S360S
8BIX	A	S77A
1PG8	A	C116S
1PG8	A	C116A
1PG8	A	C116H
1PG8	A	Y114F/C116H
1PG8	A	K240N
1PG8	A	K240M
1PG8	A	K240R
1PG8	A	K240I
3ACZ	A	C1610S
3ACZ	A	C1610G
3ACZ	A	Y1608F
2FQ6	A	W188F/W230F/W276F/W300F/W340F
2FQ6	A	W131F/W230F/W276F/W340F
2FQ6	A	W131F/W230F/W276F/W300F/W340F
2FQ6	A	W340F
2FQ6	A	W131F/W188F/W230F/W276F/W340F
2FQ6	A	W131F/W188F/W230F/W300F/W340F
2FQ6	A	W131F/W188F/W230F/W276F/W300F/W340F
2FQ6	A	S33A
2FQ6	A	W131F/W188F/W230F/W276F
2FQ6	A	W131F/W188F/W276F/W300F/W340F
2FQ6	A	W188F
2FQ6	A	W131F/W188F/W230F/W276F/W300F
3PCV	A	R104S
3PCV	A	R31A
3PCV	A	W116F
3PCV	A	T40E
3PCV	A	W116A
3PCV	A	R31Q
3PCV	A	R104A
7KQ3	A	I192A
7KQ3	A	W374F
7KQ3	A	F682Y
7KQ3	A	F682A
7KQ3	A	W374Y
4PYD	A	E112A
4PYD	A	K51A
4PYD	A	E114A
4PYD	A	H77A
3HCN	A	N575A
3HCN	A	F837A
3HCN	A	E843D
2HK6	A	R31G
2HK6	A	E61K/L185Q/G212D
2HK6	A	Y13M
2RJG	A	P219A
2SFP	A	I222T/Y354W
2SFP	A	I222T
2SFP	A	Y354W
4Y2W	A	Q360I
4Y2W	A	Q360Y
4Y2W	A	Q360W
4Y2W	A	S173D/Q360Y
5WYF	A	D222A
5WYF	A	Y142F
5WYF	A	D222N
1B74	A	D7S
6J7C	A	F62S
6J7C	A	F62V
6J7C	A	L221H
6J7C	A	W241F
4DZA	A	T391Y/S394Y
4DZA	A	T391Y
3CO8	A	T224I/W355Y
3CO8	A	W355Y
3CO8	A	T224I
3FVE	A	C226S
4X2P	A	F52W
4X2P	A	V22I/V29I
4X2P	A	K166R
4X2P	A	V29I
4X2P	A	Y54W
4X2P	A	T24S
4X2P	A	Y54L
4X2P	A	V22I
4X2P	A	V22A
4X2P	A	V22I/V29L
4X2P	A	Y54I
4X2P	A	V29A
4X2P	A	V29F
4X2P	A	V22F
4X2P	A	V26A/V29L
4X2P	A	V29L
4X2P	A	V26I/Y54V
4X2P	A	V26I/Y54I
4X2P	A	Y54V
4X2P	A	V22I/V29I/Y54F
4X2P	A	V22L
4X2P	A	Y54F
4X2P	A	L319F
4X2P	A	Y54A
2FLI	A	H34A
2FLI	A	H67A
4Z4J	A	R5M/A12S/F231L/K328I
4Z4J	A	R5M/A12S/I52V/F231L/K328I
4LIS	A	L320Y
2XEC	A	Y133F
2XEC	A	C194S
2XEC	A	C76S
7TIM	A	Y208T/S211G
7TIM	A	Y208F
7TIM	A	Y208S
7TIM	A	Y208A
7TIM	A	S211G
7TIM	A	Y208T
7TIM	A	S211A
1TPF	A	P168A
4YWI	A	S96A
4YWI	A	E97Q
4YWI	A	S96Y
4YWI	A	S96S
4YWI	A	S96S/V167V
4YWI	A	C126V
4YWI	A	C126M
4YWI	A	S96S/S73A
4YWI	A	E165A
4YWI	A	T75N
4YWI	A	C126T
4YWI	A	C126A
4YWI	A	S96H
4YWI	A	T75C
4YWI	A	S96W
4YWI	A	C126S
4YWI	A	T75S
4YWI	A	T75V
3M0M	A	F329L
3M0M	A	F329F
3M0M	A	F329A
3M0M	A	F329K
3M0M	A	H101N
2I22	B	R69Q
2I22	B	H61Q
5LU5	A	H64Q
1XIM	A	V135N
3HEE	A	R132K
3HEE	A	R132A
3HEE	A	R132Q
3HEE	A	R132I
3HEE	A	R132D
3HEE	A	R132E
1LK7	A	D85N
1LK7	A	R100A
1LK7	A	D168N
1LK7	A	K125A
3K7S	A	H102A
3K7S	A	H138A
3K7S	A	H11A
1J3Q	A	H91A
1J3Q	A	H137A
1J3Q	A	H89A
1J3Q	A	E98V
2PA7	A	Y35F
2PA7	A	R15Y
2PA7	A	H95R
2PA7	A	R15Y/H95R
6UAD	A	E38E
6UAD	A	F115W
1OH0	A	Y216F
1OH0	A	Y232F/Y257F
1OH0	A	Y257F
1OH0	A	Y232F
3B05	A	Q160H
3B05	A	Q160E
3B05	A	Q160L
3B05	A	Q160N
5WY9	A	M64A
5WY9	A	L131A
5WY9	A	F83A
5WY9	A	L79A
5WY9	A	W54A
5WY9	A	T147A
5WY9	A	S45A
5WY9	A	M94A
5WY9	A	S81A
5WY9	A	Y149A
5WY9	A	K59A
2WF7	A	E169A/D170A
2WF7	A	D170A
4MRQ	A	Y17A
4MRQ	A	E325A
1PYM	A	K120A
1PYM	A	K120R
1PYM	A	N122A
3NZ4	A	L104A
3HWO	A	I346L
3HWO	A	F327Y/I346L
3HWO	A	F359Q
3HWO	A	F359Q/I346L
3HWO	A	F327Y/F359Q
3HWO	A	A303T
4XC8	A	F598V
4XC8	A	F598L
4XC8	A	F598I
4XC8	A	F598A
3HF5	A	C67S
3HF5	A	Y39F
3HF5	A	H52A
1QCZ	A	H45Q
1QCZ	A	H45W
2XIJ	A	E392A
2XIJ	A	E392D
2XIJ	A	E392Q
1ECM	A	I81L/V85I
1ECM	A	A32S
1ECM	A	V35I
1ECM	A	L7I
2CHT	A	C88K/R90S
2CHT	A	C88S/R90K
2CHT	A	R90G
3INR	A	Y185F
3INR	A	Y349F
3INR	A	Y155F
3INR	A	D351A
3INR	A	Y314F
3UKH	A	Y104A
3UKH	A	R327K
3UKH	A	Y317A
3UKH	A	Q107A
3UKH	A	W315A
4LIX	A	T421S
4LIX	A	T421A
4LIX	A	E211A
5YX4	A	M36A
5YX4	A	Q104E
5YX4	A	K108A
4C9T	A	H34E
4C9T	A	H34A
4C9T	A	H34Q
4C9T	A	H74A
5YX4	A	R34A
5YX4	A	R34M
1ZXM	A	K168A
1LI7	A	H40A/R42A
1LI7	A	H40A
2ZIN	A	L301M/Y306L/C348S/A315V
2ZIN	A	L301M/Y306L/L309A/C348F
3HY0	A	A237A
5BSR	A	Y239F
5BSR	A	H237A
5BSR	A	K443A
5BSR	A	T336A
5BSR	A	R435A
5BSR	A	Y239A
5G1F	A	Y211F
5X8F	A	R382A
5X8F	A	T152A
5X8F	A	R382K
3FCE	A	C269A
3FCE	A	E298Q
3FCE	A	R397Q
3FCE	A	D383N
4IZ6	A	N235A
4IZ6	A	S240C
4IZ6	A	Y236F/S240C/V339I/N340C
4IZ6	A	Y236F/S240C
4IZ6	A	V339L
4IZ6	A	Y236F
4IZ6	A	Y236F/S240C/N340C
4IZ6	A	V339I
4IZ6	A	Y236F/S240C/V339L/N340C
2HGS	A	D458A
2HGS	A	D458R
2HGS	A	D458N
4C5C	A	S150A
4C5C	A	Y216F
4C5C	A	E15Q
6U1K	A	S293D
6U1K	A	S293E
3WNZ	A	S184A
3WNZ	A	S184F
4C12	A	D406A
1U3F	A	K120A
1U3F	A	D151A
1MC1	A	H447A
1MC1	A	V446A
1MC1	A	V446G
2W70	A	R16E
3ORQ	A	F78W
3ORQ	A	F78I
3K5I	A	Y152F
3K5I	A	E73A
3K5I	A	R155A
3K5I	A	D153A
3K5I	A	R271K
3K5I	A	Y152A
2GCQ	A	T301V
2GCQ	A	T300A
2GCQ	A	T128A
2GCQ	A	T129A
1P9B	A	K62L
1P9B	A	N429V
1P9B	A	T307V
3VA7	A	K1605A
3VA7	A	Y1628F
3VA7	A	Y1324F
3VA7	A	D1321A
3TW6	A	H216N
4LOC	A	T882A
4RQT	A	C243S
1RJW	A	Y25A
1RJW	A	C257L
3VZS	A	Q47L
2D8A	A	E152D
2D8A	A	E152C
2D8A	A	E152Q
2D8A	A	E152T
2D8A	A	E152A
2D8A	A	E152S
4YCA	A	A181L
3NT4	A	D179N
3NT4	A	Y233F
3CTM	A	S67D/P69D
3CTM	A	H68D
3CTM	A	S172T
3CTM	A	S67D/H68D
3CTM	A	P69D
3CTM	A	V270D
3CTM	A	S67D
3CTM	A	H68D/P69D
1WMA	A	V87I
1WMA	A	P130S
5VKT	A	Y288P
6MFH	A	K99K/H100H/V102V/K103K/V105V
6MFH	A	F116F
6MFH	A	V113V/V172V/N246N
6MFH	A	R55R/L88L/K99K/H100H/V102V/K103K/V105V/V113V/T114T/F116F/A158A/C159C
6MFH	A	K99K/H100H/V102V/K103K/V105V/F116F/V113V/V172V/L175I
6MFH	A	V113V/V172V/L175I
6MFH	A	R55R
6MFH	A	L175I
6MFH	A	V113V/L175I/N246N
6MFH	A	V172V
6MFH	A	T114T
6MFH	A	N246N
6MFH	A	L88L
6MFH	A	V113V
7RGL	A	R224P
7RGL	A	V268I
7RGL	A	D226N
4XO6	A	R304L
4XO6	A	R301L
2Q3E	A	A104L
2Q3E	A	A136M
2Q3E	A	K94E
5HN3	A	L81P
5HN3	A	I82N
5HN3	A	S80A
5HN3	A	T71V
5HN3	A	L83R
4XB2	A	A57A
2ZTL	A	L215A
2ZTL	A	L215V
1XRH	A	H46A
1XRH	A	S45A
1XRH	A	M253A
1E7Y	A	K22Q
1E7Y	A	K22R
6KTK	A	A178A
7X11	A	S47K/N49E/E63K/S92D/H64K/D68P/D90E/D77G/D80E/K96S/Q111S/L115H
7X11	A	N49E
7X11	A	E63K
7X11	A	S47K/N49E/E63K
7X11	A	S92D
7X11	A	S47K/N49E/E63K/S92D
7X11	A	S47K/N49E/E63K/S92D/H64K/D68P/D90E/D77G/K96S/Q111S/L115H
7X11	A	S47K
7X11	A	S47K/N49E/E63K/S92D/H64K/D68P/D90E/D77G
7X11	A	N49E/E63K/S92D/H64K/D68P/D90E/D77G
6BKZ	A	D273S
6BKZ	A	H133Q
6BKZ	A	A134D
6BKZ	A	D273L
6BKZ	A	R100Q
6BKZ	A	D273N
6BKZ	A	K217M
6BKZ	A	K217Q
1LWD	A	K268R
1LWD	A	K268Q
1LWD	A	D383N
6VFZ	A	K413Q
5H3F	A	K256Q
5H3F	A	K413Q
6FQY	A	W104L
7SNI	A	G163S
7SNI	A	G163D
6D24	A	L80G
6D24	A	K83A
4FJ0	A	H164W
4FJ0	A	H164G
4F7I	A	V181T/P324T/A335E
4F7I	A	P324T
4F7I	A	V181T
4F7I	A	P56E
4F7I	A	S261N
4F7I	A	A335E
3VMJ	A	S266A
3VMJ	A	A268I
3VMJ	A	L106M
4F7I	A	V126T
4F7I	A	F53L
4F7I	A	V61I
4F7I	A	R58L
1YBA	A	G349V
1YBA	A	T297A
1YBA	A	Q361A
1YBA	A	G145V
1YBA	A	N364A
1YBA	A	A143V
1YBA	A	P348A
1YBA	A	R347A
1YBA	A	R338A
1YBA	A	D386A
1YBA	A	S111A
1YBA	A	E360A
1YBA	A	D317A
1YBA	A	N303A/K311A
1YBA	A	S111A/K311A
1YBA	A	E299A
1YBA	A	G337V
1YBA	A	N303A
1YBA	A	Q298A
1YBA	A	S316A
1YBA	A	S323A
1YBA	A	G362V
1YBA	A	E302A
1YBA	A	H335A
1YBA	A	K311A
1YBA	A	A144V
1YBA	A	E387A
1YBA	A	G336V
1YGY	A	R71A/R131K
1YGY	A	R71L
1YGY	A	R445A
1YGY	A	D462A
1YGY	A	K438A
1YGY	A	R71A
1YGY	A	G318V/G317V
1YGY	A	R131K
1YGY	A	G317V
1YGY	A	N480A
1YGY	A	G318V
1YGY	A	H446A
1YGY	A	R450A
1YGY	A	R500A
1YGY	A	R500A/R450A/K438A
1YGY	A	G317V/G318V
1YGY	A	Y460A
1LTD	A	L145A
1KBI	B	D362N
1LTD	A	K153A
1LTD	A	V150M
1LTD	A	P144Q
1LTD	A	A147L
1LTD	A	P144R
1LTD	A	A147Q
1LTD	A	F119A
1KBI	B	Y334L
1LTD	A	P124A
1KBI	B	H453Q
1LTD	A	D173A
1LTD	A	E143K
1LTD	A	N149K
2JBV	A	M359R
2JBV	A	V355T/F357R
1W1K	A	F454Y
1W1K	A	T505S
1W1K	A	E502G
1W1K	A	T238T
1W1K	A	A429V
1W1K	A	M437L
1W1K	A	F93Y/P189S/T238T
3QVP	B	T52V/I116V/A184T
3QVP	B	T52V/I116V/A184T/R559K/M578V
3QVP	B	T52V/R59K/I116V/V128I/A184T/M578V
1GPE	C	W430A
6RYV	A	Y356W
6RYV	A	Y356F
5OC1	A	H118N/L197M
5OC1	A	H118N/L197M/F528W
1MXT	A	G384N
1MXT	A	F396W
1MXT	A	N522L
1MXT	A	N522D
1CRU	A	D143E
4QI5	B	L345C/M430S
4QI5	B	N721S
4QI5	B	M330K/M430S
4QI5	B	M330K/L345C
4QI5	B	L345C
4QI5	B	M330V
4QI5	B	M330K
4QI5	B	M430S
1KDG	A	M756S
1KDG	A	M703Y
4H7U	B	H128Y
4H7U	B	N100G/N200Q/N277Q
4H7U	B	N100G
4H7U	B	N100Q
4H7U	B	N100G/N277Q
4H7U	B	N100G/N200Q
4H7U	B	N277Q
4H7U	B	N200Q/N277Q
4H7U	B	N200Q
6S0O	A	M199G
6S0O	A	M199A
6S0O	A	M199G/R240H
6S0O	A	Y230A
3OD3	A	P444A/M510Q
3OD3	A	D439A/P444A
3OD3	A	P444I
3OD3	A	D439A/M510Q
3OD3	A	D439A/P444A/M510Q
3OD3	A	P444A
3OD3	A	P444L
3OD3	A	P444G
3OD3	A	D439A
3OD3	A	D439A/M510L
2XU9	A	M456A
2XU9	A	M455L
1KYA	A	D227E
1KYA	A	D227A
1KYA	A	D227N
1NPX	A	R303M
3FM1	A	M277L
3FM1	A	K245Q
3FM1	A	E70A
3FM1	A	M277F
3FM1	A	R227K
3FM1	A	A290F
3FM1	A	E170G/K206G
3FM1	A	F172G
3FM1	A	K294A
3FM1	A	E170G
3FM1	A	P171G
3FM1	A	E170G/P171G/K206G
3FM1	A	E66A/E70A
3FM1	A	K206G
3FM1	A	E170G/P171G
3FM1	A	E67K/V130A/T214M/Q232L
3FM1	A	K245G
3FM1	A	K206D
3FM1	A	R227L
3FM1	A	A203R
3FM1	A	R227D
3FM1	A	E66A
3FM1	A	D205A
3FM1	A	E66D
3FM1	A	P106G
3FM1	A	E70D
3FM1	A	R227A/A290F
3FM1	A	E66A/E70A/D205A
7D8M	A	W242F
7D8M	A	W242H
7D8M	A	W242R
7D8M	A	W242Y
7RMU	A	H312C
5AG0	C	W438S
5JHX	A	R461A
5JHX	A	C55A
5JHX	A	C74A
5JHX	A	C55A/C74A
4C50	A	N238S
6MQ0	A	R88K
6MQ0	A	R88A
6MQ0	A	R88A/W91F
2XIL	A	N251R
2XIL	A	Y103A
4AUM	A	E317F
4AUM	A	E317H
4AUM	A	H247W
4AUM	A	I314F
4AUM	A	I313F
4AUM	A	L322A
4AUM	A	V537A
4AUM	A	V537W
2F8A	A	C76S/C113S/C154S
6EKX	A	G284D/R300K
4CHL	A	C161Y
4CHL	A	L55P
4CHL	A	R163W
3ISQ	A	P11A
3ISQ	A	N363A
3ISQ	A	R378K
3ISQ	A	Q334N/N363Q
1TFZ	A	P336R/R349A/L368M
3ISQ	A	N363D
3ISQ	A	N363Q
3ISQ	A	Q265E
3ISQ	A	Q334A/N363D
3ISQ	A	Q334A/N363Q
3ISQ	A	Q334A
3ISQ	A	K10A
3ISQ	A	E254D
3ISQ	A	Q334N
1TFZ	A	N282D
1TFZ	A	Q307E
1TFZ	A	Q293E
1TFZ	A	S267A
3D3L	A	L183E/L187E
3FG1	A	L817I
4QWT	C	A993H
3FG1	A	L817V
3FG1	A	L817A
3FG1	A	A975M
1U5U	A	R182A
3IBT	A	D120A
3G7D	A	R90K
4MLM	A	E27A
5LUN	A	H335Q
5LUN	A	H305Q
5LUN	A	H284Q
5LUN	A	H116Q
5LUN	A	H168Q
3KG0	A	H49A
3KG0	A	R90E
3KG0	A	W67F
1BA3	A	K445Q
1BA3	A	G446I
1BA3	A	Q448A
1BA3	A	K443A
2HUO	A	Q62H
2HUO	A	S173N
2HUO	A	L240M
2HUO	A	D82Y
2HUO	A	D82Y/S173N/L240M
6D3H	A	Q93A
4RG3	A	E91Q/D95H/A115V/R280Y/N431Y/Q444P/A455V/S534R
5BRT	A	G255F
4OVI	A	R258A
4OVI	A	P253F/G254A/R258M/L443F
4OVI	A	R258M
4OVI	A	P440F
3QZ1	A	R241R/A442A
4Y8W	A	P31L
4Y8W	A	V282L
4Y8W	A	G65E
4Y8W	A	R409C
4Y8W	A	R357W
4Y8W	A	I172N
4Y8W	A	P31Q
4Y8W	A	W303R
5DQP	A	P291A
5DQP	A	Q294A
5DQP	A	R68A
2ZWU	A	T253N
2ZWU	A	H353A
2ZWU	A	G61S/Y76H
2ZWU	A	T57A/N117H/D298N
2ZWU	A	G94C/K313R/L320M
2ZWU	A	Y180H
2ZWU	A	D126A
2ZWU	A	H362A
1PHZ	A	L48V
1PHZ	A	A47G
1PHZ	A	H64N
1LTZ	A	F258A
1LTZ	A	Y155A
6ZZU	B	L325Y
6ZZU	B	L325A
1HJG	A	Q258Q
1HJG	A	Q258H
1HJG	A	Q258F
1HJG	A	Q258K
1HJG	A	Q258A
1HJG	A	Q258L
1HJG	A	V275L
1HJG	A	V275I/R307L
1HJG	A	G79E
1RXG	A	T91A
1HJG	A	C155Y
1HJG	A	M188V
1HJG	A	V275I
1HJG	A	L277Q
1HJG	A	C281Y
1HJG	A	R306L
1HJG	A	R307L
1HJG	A	C281Y/R306L
1HJG	A	V275I/R306L
1HJG	A	C281F
1HJG	A	C281Y/R307L
6QKI	A	D52L/A420Y
6QKI	A	D52L
6QKI	A	A420Y
2J6I	A	I239C
2J6I	A	A10C/I239C
2J6I	A	A10C
2J6I	A	N187S
2J6I	A	V120S
2J6I	A	N187D
2J6I	A	V120S/N187D
2NAD	A	D222S
2VNJ	A	A264Y
2G28	A	Y178A
2JGD	A	H298V
2JGD	A	H298T
2JGD	A	H298L
2JGD	A	H298D
2JGD	A	H260E
2JGD	A	H260E/H298N
3EFV	A	D426A
3EFV	A	W141A
3EFV	A	S425A
3EFV	A	K92A
4I3V	H	E385A
5TQM	A	Y310F
2VRO	A	K168A
5N5S	B	N175A
5N5S	B	Y296A
5N5S	B	R121A
6D97	A	F505A
6D97	A	K329A
6D97	A	E205A
6D97	A	F202A
6D97	A	S331A
3ZYV	A	P1015A
3ZYV	A	K889H
3ZYV	A	P1015G
3ZYV	A	Y885M
4E5K	A	Y139F
1LJU	A	H62Q
4TRO	A	T266D
4TRO	A	T266E
4TRO	A	T266A
2G5C	A	R250Q
1GTE	A	C671S
1GTE	A	H673Q
1GTE	A	H673N
3BUV	A	P133R
1PS9	A	Y167F
1PS9	A	E165A
1PS9	A	H253A/Y167F
1PS9	A	C338A
1PS9	A	H253A
4FBG	B	I287A
4FBG	B	Y370A
4EUE	A	K245A
2AEX	A	R401A
2DDH	A	Y401F
6B58	B	E50A
1IVH	A	R414L
1IVH	A	A314V
1IVH	A	V374A
2R0N	A	V356M
2R0N	A	R183P
1SAY	A	I198R
3K92	A	Q144R
3K92	A	E27F
4BHT	C	K286Q/R289Q/R292Q/S264L
4BHT	C	C321A
4BHT	C	P320A
4BHT	C	K341L
4BHT	C	K286Q/R289Q/R292Q/S264L/S240A
4BHT	C	K286Q/R289Q/R292Q
4BHT	C	K286Q
3WEU	A	Y211F
3WEU	A	K530A
3WEU	A	K530R
7U9U	A	P219L
7U9U	A	R120L
7U9U	A	R120E
1C0P	A	Q1144R
1C0P	A	S1019G/S1120P/Q1144R/K1321M/A1345V
2Z5X	A	C374A
1DNL	A	K145A/F177A
1DNL	A	R197M
1NRG	A	R225H
1DNL	A	R215L
1DNL	A	R23L/R215L
1DNL	A	H199A
1DNL	A	H199N
1DNL	A	R23L
1DNL	A	R23L/R24L/R215L
3C7A	A	H212A
3C7A	A	D329A
1KMV	A	F32P
8DAI	A	C85A/C152S
2W3W	A	V76A
7F3Y	A	N108G
7F3Y	A	N108A
7F3Y	A	N51I/R59R/S108S/I164L
7F3Y	A	N108Q
5O28	A	C58Y
5O28	A	D121A
5O28	A	G122D
5O28	A	K54S
2GF3	A	R50K
1B5Q	D	E90Q
1B5Q	D	Y326F
1B5Q	D	E198Q
4WCT	A	S67C/P121C
4WCT	A	D295C/K303C
4WCT	A	H106S/G150S
3K7T	A	Y311W
3K7T	A	R274A/Y311W/C417W
1KBQ	A	R138W
2HPV	A	A123F
2HPV	A	V122Y
2HPV	A	R66A
6TPO	A	H352A
3MKH	A	R406K
3MKH	A	S273A
2C12	B	Y398F
2YZC	A	K12C/E286C
2YZC	A	S296C
6OE8	A	S296C/C302S
3B0H	A	K471Q
3B0G	A	Q473K
3B0G	A	M200E
3B0G	A	M200G
6T95	A	E436A
6T95	A	W81A
6T95	A	Q439A
6I4R	A	P422A
6I4R	A	C85A
6I4R	A	C85T
6I4R	A	R316K
6I4R	A	R316N
6I4R	A	H364A
6I4R	A	P191A
6I4R	A	T183G
6I4R	A	L134A
6I4R	A	T183S
6I4R	A	P458A
6I4R	A	P338A
6I4R	A	P390A
6I4R	A	P189A
6I4R	A	D355N
6I4R	A	N321Q
6I4R	A	N321D
4WQ8	A	M236G
3P0K	A	E174K
3P0K	A	R127E
3P0K	A	R127E/E183R
3P0K	A	E183D
3P0K	A	E174A
3P0K	A	E183R
3P0K	A	R127A/E183A
4BWV	A	D122G
5FA9	A	D164A
5FA9	A	Y163A
5FA9	A	S285S
4MN7	B	C15S
7BKG	A	A100A/A101A/A103A
6GKV	A	Y328A
6GKV	A	W329A
3BUS	A	W144Y
3BUS	A	D176A
3BUS	A	H151A
3BUS	A	C80A
3BUS	A	L146V
3BUS	A	S148A
3BUS	A	H150A
3BUS	A	P85S
3BUS	A	C80S
1XCJ	A	E46Q
1XCJ	A	Y222F
1XCJ	A	E46D
3THR	A	Y34F
3THR	A	Y243F
3THR	A	Y193F
3THR	A	Y221F
3I53	A	R11W
3I53	A	Y293I
3I53	A	R11A
3I53	A	R11K
6QYQ	A	A191K
6QYQ	A	M190E
6QYQ	A	M190K
1UMY	A	E21K
1UMY	A	A119G
1UMY	A	Y77A
1UMY	A	T73G
1UMY	A	D26I
1UMY	A	D26A
1UMY	A	E159G
1UMY	A	F74A
1UMY	A	E159K
1UMY	A	T184G
1UMY	A	C186A
1UMY	A	C186S
1UMY	A	E21A
2AOT	A	L208F
2AOT	A	L208K
2AOT	A	L208V
6MBK	A	N255A
6MBK	A	N255Q
6MBK	A	N255D
6MBK	A	R315A
6MBK	A	R214A
1LS3	A	S355N
1DFO	A	L85A
1DFO	A	L276A
1DFO	A	L85A/L276A
2OTC	A	D232A
2OTC	A	Y161F
2OTC	A	Y230F
2OTC	A	S62A
2OTC	A	D141N
2OTC	A	H273L
2OTC	A	R58A
2OTC	A	E300Q
2OTC	A	Y230S
2OTC	A	C274A
2OTC	A	Q105L
2OTC	A	H273N
2OTC	A	Y161S
2OTC	A	E300D
5XVT	A	R356L
2X7J	A	R409A
2X7J	A	R428A
2X7J	A	K299A
2X7J	A	L493A
4M99	A	Q370A
3W6S	A	K63P
3W6S	A	K63R
3W6S	A	K63R/F65L
3W6S	A	F65G
3W6S	A	F65L/L117V
3W6S	A	L117V
3W6S	A	K63R/F65L/L117V
3W6S	A	R145W
3W6S	A	Y157A
3W6S	A	Y166F
3W6S	A	Y168A
3W6S	A	R145E
3W6S	A	R145G
3W6S	A	R145D
3W6S	A	R145A
3W6S	A	Y75A
3W6S	A	F65L
1VI1	A	N229A
1VI1	A	E236A
1VI1	A	R73A
1VI1	A	R114A
1VI1	A	N229Q
1VI1	A	K184A
1VI1	A	E181A
1VI1	A	K184R
1VI1	A	K184Q
1VI1	A	E209A
1VI1	A	K233A
7CBE	A	I124L
7CBE	A	I229Y
2ZFN	A	D287N
4BMK	A	G385F
4BMK	A	V246M
1S5O	A	Y452F
1S5O	A	F566Y
1S5O	A	T465A
1S5O	A	Y452A
1S5O	A	F566A
1S5O	A	R476Q
5O6H	A	K221E/K252E
2AFW	A	R54W
2AFW	A	F146A
5UZQ	A	A348G
5UZP	A	A348G
3HQ1	B	D444Y
3HQ1	B	D444R
3HQ1	B	R97A
3HQ1	B	D444A
3IVS	A	E222Q
3IVS	A	D123N
3IVS	A	R288K
4JAG	A	T1204R
2IFC	A	D318N
2IFC	A	D318G
4JAG	A	G1181E
2C4M	A	R142A
2C4M	A	K32A
2C4M	A	S175A
2C4M	A	T29A
1OYG	A	Y429N
1OYG	A	S164A
1OYG	A	R433A
1OYG	A	G361F
1OYG	A	I341V
4IRP	A	Y196F
4IRP	A	W224H
4IRQ	A	R270K
4IRQ	A	R270A
4IRP	A	R226K
4IRP	A	E227D
4IRP	A	H195A
4IRP	A	R226A
4IRP	A	H195R
4IRP	A	H195Q
5VCM	A	N318A
5VCM	A	D217A
5VCM	A	R198A
5VCM	A	Y344A
2CXG	A	D604G
2CXG	A	D604V
2CXG	A	D604L
2CXG	A	D604A
2CXG	A	D604I
4JCL	A	L201P/A193Y
1NLM	A	Y106A
1NLM	A	N199A
1NLM	A	E126A
1NLM	A	H125A
1ESW	A	D249S
2X1I	A	W258G
2X1I	A	Q256G
2X1I	A	F251G
2Q6V	A	D207A
2Q6V	A	D234A
2Q6V	A	E192A
4DEC	A	E232A
2BO4	A	R73A
2BO4	A	W189A
2BO4	A	Y37A
2BO4	A	R73G
2BO4	A	Y220F
2BO4	A	K76A
2BO4	A	Y220A
2BO4	A	Q66A
2BO4	A	E166A
2BO4	A	K9A
4FIX	B	E300S
4FIX	B	H413S
4FIX	B	W399S
4ZLF	A	Q190A
6L8Z	A	T79Y/L48M/R28H/L109I/S15A/M76L
6L8Z	A	T79Y/L48M/R28H/L109I/S15A
6L8Z	A	T79Y/L48M/R28H/L109I
6L8Z	A	T79Y/L48M/R28H/L109I/S15A/M76L/H47R
1G5A	A	R234K/I236V/A297I/F298Y/E308I/V323T/G404S/T406V/Q445S/N447D/C453R
1G5A	A	R234K/I236V/A297I/F298Y/E308I/V323T/Q445S/N447D/C453A
1O7Q	A	Q247E
3FUC	A	N123L/R210Q
3FUC	A	V39T/N123L/R210Q
1ZYK	A	I36E/M47D
1ZYK	A	F149S
1L5O	A	G171D
1L5O	A	G257A
1L5O	A	C160A
1L5O	A	G257D
1L5O	A	G320D
4L5C	A	Q289L
4PR3	A	M144A
5N6F	A	E235Q
1UOU	A	K115A
4RAO	A	F35L
4RAO	A	F35G
4RAO	A	F35K
4MPS	A	Q354A
4MPS	A	Y272A
4MPS	A	D271A
2IY7	A	M144H
2IY7	A	M144D
2H1H	A	R63A
2H1H	A	R120A
2H1H	A	R60A
2H1H	A	R61A
6JWQ	A	A613S
6JWQ	A	A581G
6JWQ	A	K540E
6JWQ	A	A613T
6D5X	A	G97R
6D5X	A	T161I
6D5X	A	R76G
6D5X	A	C119Y
6D5X	A	G97E
4F03	A	S22A
2VO4	A	P49A
3WYW	A	F119A
1X8R	A	A183T
2ZE6	A	E210N
2ZE6	A	E213Q
2E8V	A	N109A/Y110A
2E8V	A	M116F
2E8V	A	M116A
2E8V	A	N109A
2E8V	A	Y110A
2E8V	A	M116E
2E8V	A	E12G
2E8V	A	R145A
2E8V	A	E12G/L13G
2E8V	A	L13G
2E8V	A	I14G
2E8V	A	L13G/I14G
3SGV	B	W31F
3SGV	B	W75F
3SGV	B	D218A
3SGV	B	W75A
4C1K	A	I181D
4UMA	A	R126S
1RZM	A	H29S/S31H
1RZM	A	H29A
1RZM	A	S31G
3FYO	D	C246S
3FYP	D	D269E
3FYO	D	E247E/A249A
3FYO	D	A249A
3FYO	D	C23C/C246S/E247E
3FYO	D	C23C/C246S
3FYO	D	C23C/A249A
3FYO	D	C23C/C246S/A249A
3FYO	D	C23C/C246S/E247E/A249A
7R2W	A	I303V
7R2W	A	G118R
7R2W	A	I303V/I65V/L186V
7R2W	A	I303V/I65V
1P7L	A	D108R
7RWG	A	K289L
7P8M	A	W387F/Y49W
7P8M	A	W387F/Y371W
7P8M	A	W387F/Y273W
7P8M	A	W387F
7P8M	A	W387F/Y85W
7P8M	A	W387F/Y344W
7P8M	A	W387F/Y267W
7P8M	A	W387F/Y226W
7P8M	A	W387F/Y120W
7P8M	A	W387F/Y233W
1P7L	A	D108C
7R2W	A	G118C
7P8M	A	W387F/Y323W
7P8M	A	W387F/Y72W
7P8M	A	W387F/Y170W
7P8M	A	W387F/Y255W
5B6I	A	A279Y
5B6I	A	F213Y/A279L
5ZE6	A	D212A
5ZE6	A	R94A
5ZE6	A	K170L
5ZE6	A	K45A
5ZE6	A	D215A
5ZE6	A	K225L
1ART	A	A8T/P9T/N30D/T104S/G249A/S273G/A281D/N285S
2QB2	A	A305D
6OIA	B	R217A
1XFF	A	W75L
1XFF	A	W75A
1MOQ	A	A603L
1XFF	A	W75F
1MOQ	A	V606L
2Z1Y	A	S20E
5CR5	A	C342A
5CR5	A	C345A
5CR5	A	C342A/C345A
1H0C	A	F240S
1H0C	A	P11R
1H0C	A	F238S
1H0C	A	F152A
1BW0	A	R20A
1BW0	A	N17S
1MLY	A	R253K
1MLY	A	R253Q
1MLY	A	R253M
4A0R	A	F348Y
1MLY	A	R253A
3F9M	A	G72R
3F9M	A	C213R
3F9M	A	M197E
3F9M	A	K414E
3F9M	A	K140E
3F9M	A	P417R
3F9M	A	S263P
3F9M	A	M298K
3F9M	A	M197I/A379T
3F9M	A	M197I
3F9M	A	A379T
3F9M	A	S336L
3F9M	A	M197L
3F9M	A	V389L
3F9M	A	E442K
6HVI	A	H254A
6HVI	A	S303R
2AXN	A	H254A/S461D
2AXN	A	S461D
5XZ8	A	G150D/L151A
4EHX	A	E172A
4EHX	A	D99E
4EHX	A	D260A
4EHX	A	S53A
4EHX	A	H261A
4EHX	A	N43A
4EHX	A	Y74A
4EHX	A	E100A
4EHX	A	D99A
4EHX	A	D99N
4EHX	A	D138N
4EHX	A	E100D
4EHX	A	D138A
4EHX	A	S49A
4EHX	A	K51A
4EHX	A	T52A
4EHX	A	E100Q
1U2X	A	R207A
1U2X	A	R213E
1U2X	A	K180A
1U2X	A	Q119A
1U2X	A	S211A
1U2X	A	R213A
1U2X	A	N182A
1U2X	A	D39A
1U2X	A	A93E
1U2X	A	S205E
1U2X	A	N37A
1U2X	A	Q246A
1U2X	A	S285A
2A2C	A	F444S
2A2C	A	F444C
2A2C	A	F444H
2A2C	A	F444A
2A2C	A	F444W
2A2C	A	F444K
2A2C	A	F444R
2ITM	A	D6A
4RKS	A	S105A
1BX4	A	F355A
1BX4	A	H124A
1BX4	A	Q91A/F355A
1BX4	A	K358A
1BX4	A	Q91A
1BX4	A	Q95A
3UIE	A	C86A/C119A
5A8A	A	H214A
6K79	B	E271E
3FEG	A	F352A
3FEG	A	F352L
3FEG	A	S86D
4C5K	A	C110A
3KEU	A	A243G
3KEU	A	D87H
3KEU	A	H246Q
3KEU	A	V128I
6Q3X	A	E244S
6Q3X	A	Q242S
6Q3X	A	Y379W
6Q3X	A	E245S
6Q3X	A	M60V/A334S
6Q3X	A	R366Q
6Q3X	A	D268E
6Q3X	A	M60V
6Q3X	A	A334S
6Q3X	A	G373S
6Q3X	A	L231S
7ZIA	A	E74A
7ZIA	A	E74D
7ZIA	A	E74Q
7ZIA	A	E74E
3DQW	A	H384Q/Y416F
3DQW	A	H384Y/Y416F
4WB8	A	L206R
8BJT	A	V210V
8BJT	A	V210D
1G99	A	R91A
1G99	A	R91K
1G99	A	R241K/Q43W
1G99	A	R241K
1G99	A	R91K/Q43W
1G99	A	R91L
1G99	A	R241L
1G99	A	R241A
1G99	A	Q43W
1G99	A	R241A/Q43W
1G99	A	R91A/Q43W
1G99	A	F179A
6KY3	A	A284A
2C95	A	Y164C
3IIJ	A	H79G
5LLT	A	C42A
5LLT	A	C40A
5LLT	A	C40A/C42A
6GQD	A	D28Y
6GQD	A	F194L
6GQD	A	R333G
4YBR	A	T81A
4YBR	A	W112A
4YBR	A	W40A
6BUV	B	K42A
4YBR	A	L159A
4YBR	A	P39A
6BUV	B	Q41A
4YBR	A	W112F
4YBR	A	L159Q
4YBR	A	T7A
5L6V	A	S212Y
5L6V	A	E194D
5L6V	A	D276E
5L6V	A	W274A
5L6V	A	S212V
5L6V	A	Y216F
5L6V	A	D239N
5L6V	A	D276N
5L6V	A	S212T
5L6V	A	D276A
5L6V	A	W274F
5L6V	A	D239A
5L6V	A	E194Q
5L6V	A	S212A
5L6V	A	D239E
5L6V	A	F240A
5L6V	A	F240M
5L6V	A	W274L
5L6V	A	K195Q
1YP4	A	D174L
1YP4	A	D174N
1YP2	A	G49A
5L6V	A	E194A
1YP4	A	D174E
3ANO	A	G146Q
3ANO	A	S147A
3ANO	A	G146S
3ANO	A	S147T
1I52	A	T140V
4ZVC	A	L241T
4ZVC	A	L241M
4ZVC	A	L241G
4ZVC	A	L241Q
4QWB	A	T239W
4QWB	A	N188W
1R89	A	P295T
1R89	A	P295A
1R89	A	P295G
1E5K	A	P79L/A81T/G82S
1E5K	A	L12T/G14A/P79L/A81T/G82S
1E5K	A	L12T/G14A
1PX5	A	S62A
1PX5	A	K212A
1PX5	A	S63A
6UY5	A	E250A
6LH4	A	S176A
6LH4	A	D167A
6LH4	A	C199A
6LH4	A	H188A
7ZPG	A	L167Q/L174Q
7ZPG	A	L171Q/L174Q
7ZPG	A	L167Q/L171Q
7ZPG	A	H103A
7ZPG	A	L171Q
4DI9	A	H178A
4DI9	A	Y154F
4DI9	A	R128M
4DI9	A	Y47F
4DI9	A	R122M
4DI9	A	R215M
4DI9	A	H178C
4DI9	A	R181M
4KRX	A	R48E
4KRX	A	R48K
4KRX	A	R48A
4KRX	A	R48S
2HA2	A	Y368A/E233Q/F326A
2HA2	A	F328I/Y368A
2HA2	A	F326A/Y368A
2HA2	A	F326L/Y368A
2HA2	A	Y368A/F307A
2HA2	A	Y368A/F326A/F328A
2HA2	A	Y368A/F326L/F328I
1UWC	A	D114G
1UWC	A	C256S
6ZWI	A	A356W
6ZWI	A	Y360A
6ZWI	A	A356W/Y360A
3I2K	A	Q55E
3I2K	A	Q55A
3I2K	A	T172R/G173Q/G4C/S10C
3I2K	A	T172R/G173Q/L196C/I301C
3I2K	A	T172R/G173Q
3I2K	A	G173Q
3I2K	A	T172R
3C6B	A	C60S
5TIF	A	N99A
5TIF	A	P136A
5TIF	A	P136A/L135P
5TIF	A	L135P
5TIF	A	G70A
5TIF	A	S36A
5TIF	A	D180A
5TIF	A	H183A
1Q4T	A	T121A
1Q4T	A	S120A
1B8J	A	D175A/K350A
1B8J	A	R188A
1B8J	A	T81A
1B8J	A	D123A/D175A/K350A
1B8J	A	D123A/D175A
1B8J	A	R188K
1B8J	A	D123A/E344Y
1B8J	A	D123A/R188S
1B8J	A	R188S/D175A
1B8J	A	D123A/R188S/D175A
1B8J	A	D175A
1B8J	A	D175A/E344Y
1B8J	A	D123A/R188S/D175A/K350A
1B8J	A	E344Y/K350A
1B8J	A	T81R
1B8J	A	R188S/D175A/E344Y
1B8J	A	R188S/D175A/K350A
1B8J	A	D123A/R188S/D175A/E344Y
1B8J	A	D123A/D175A/E344Y/K350A
1B8J	A	D123A/E344Y/K350A
1B8J	A	D175A/E344Y/K350A
1B8J	A	R188S/D175A/E344Y/K350A
1B8J	A	R188S/E344Y/K350A
1B8J	A	D123A/R188S/D175A/E344Y/K350A
2W5V	A	G149D
2W5V	A	S42G
2W5V	A	S338T
2W5V	A	S42G/S338T
1B8J	A	K350A
1B8J	A	R188S/K350A
1B8J	A	R188S
3R1M	A	Y347F
3R1M	A	Y228F
2QVU	A	G192A
2QVU	A	K51P/Y58W
2QVU	A	K43T
2QVU	A	D122A
2QVU	A	F17W
2QVU	A	E98A
2QVU	A	A52P
2QVU	A	K51P
2QVU	A	F90W
2QVU	A	I191T
2QVU	A	K43E
2QVU	A	Q33L
2QVU	A	M178A
2QVU	A	F233W
2QVU	A	F220W
7WJV	A	M178T/C180Q
3BIG	A	E59A
3BIG	A	K29A
3BIG	A	K239A
3BIG	A	R235A
3ROJ	A	D200A
3ROJ	A	D198H
3ROJ	A	K29A
3ROJ	A	R178A
2QVU	A	K113A
2QVU	A	Y165A
1NUW	A	L1080A
2QVU	A	M249D
2QVU	A	L57A
2QVU	A	Y114A
2QVU	A	D119A
3BIG	A	D186A
3F3K	A	S65A
3ROJ	A	Y131A
3ROJ	A	R176A
3ROJ	A	T102A
3ROJ	A	K134A
5E0O	A	N228A
5E0O	A	T339A
5E0O	A	E386A
5E0O	A	E384A
5E0O	A	S329A
5E0O	A	K334A
5E0O	A	R337A
5E0O	A	D378A
5E0O	A	Q332A
5E0O	A	D336A
4GYF	A	Y115F
4GYF	A	R158M
4GYF	A	R195M
4GYF	A	H40N
4GYF	A	E113Q
4GYF	A	Y115A
4GYF	A	Y159A
4GYF	A	Y159F
4GYF	A	D226N
5Z5A	A	R124A
5Z5A	A	R124E
6IB8	A	R248A
6IB8	A	V249A
6IB8	A	K251A
6IB8	A	R184A
6IB8	A	H98F
6IB8	A	R121A
6IB8	A	R183A
6IB8	A	R199A
6IB8	A	R184I
7F5O	A	E187C
7F5O	A	P186C
7F5O	A	P186C/E187C
7F5O	A	E187C/S188C
7F5O	A	V185C
3D42	A	D257A/Q335A
3D42	A	D257A
3D42	A	Q335A
1V73	A	L126V
1V73	A	V98L
1V73	A	V104M
1V73	A	V104F
1V73	A	V98A
1V73	A	I326L
1V73	A	I326F
1V73	A	I326A
1V73	A	L126F
1V73	A	I96F
1V73	A	L126A
1V73	A	I326M
1V73	A	V98I
1V73	A	V104L
1V73	A	I96V
1V73	A	I96L
1V73	A	I96M
1V73	A	L126M
1HP1	A	P90C/L424C
2G09	A	N103G
2G09	A	S151G
2G09	A	T100G
2G09	A	H102A
2G09	A	E130S
2G09	A	Y148A
4AS2	A	Y104A/Y105A/Y106A
4AS2	A	E64A
4AS2	A	E65A
3L8E	A	C109A
3L8E	A	C107A
3L8E	A	R110A
3L8E	A	C92A
5OKP	A	R649A
5OKP	A	D593D/D597D
5AE0	A	H329S
5AE0	A	H250S
5AE0	A	F255A
5AE0	A	P245G
5AE0	A	H250Q
5AE0	A	T252A
5AE0	A	Y188A
5AE0	A	F255L
5AE0	A	V341A
5AE0	A	R327Q
5AE0	A	Y188S
5AE0	A	P316G
3SY8	D	D296A
3SY8	D	E268Q
3SY8	D	D318A
3G1P	A	T75A
3G1P	A	D187A
3G1P	A	D54A
6G60	A	A54S
1HZY	A	H123I
1HZY	A	H123A
1HZY	A	H123N
1P6B	A	L140Y
1SWW	A	K118R/K143R/K189R
1SWW	A	G182D/D187G
1SWW	A	Y125A
1SWW	A	C19A
1SWW	A	K180A
1SWW	A	H53A
1SWW	A	D187A
1SWW	A	Y125F/C19S
1SWW	A	C19S
1SWW	A	K180L
1SWW	A	D183A
1SWW	A	Y125F
1SWW	A	M46L
7O5L	A	R24E
1HT6	A	Y404M
1HT6	A	H419A
1HT6	A	Y129A/Y404A
1HT6	A	Y404A
1HT6	A	Y404A/H419A
1HT6	A	Y129A/Y404M
1HT6	A	Y404F
1HT6	A	Y129A
3VMP	A	W279F
3VMP	A	W279F/T563N
3VMP	A	T558H
3VMP	A	T563N
3VMP	A	W279A/T563N
3VMP	A	W279A
2OW6	A	D278N
4AIO	A	M460G
2VUR	A	N390A
5TC9	A	W57A
2RFW	A	G26C/M92C
2RFW	A	S312T
2RFW	A	G26C/M92C/S312T
1VD5	A	G342S
2YHW	A	S711A
1BTC	A	E187Q
1BTC	A	E381Q
1J11	A	Y194H
1J11	A	T77M/Y194E/T358N
1J11	A	Y194F
1J11	A	Y194E
1J11	A	Y194Q
5CG0	A	M453A
1H49	A	F520S/A521S
1H49	A	M317F
1H49	A	F520S
1H49	A	F259L
1H49	A	Y527F
1H49	A	P431A
1H49	A	D315N
2RGM	A	I207V
2RGM	A	N273V
2RGM	A	L414R
2RGM	A	N218H
6GVD	A	P402S
6GVD	A	F194K
6GVD	A	P402D
3LRK	A	Q251W
3LRK	A	A41Y
3LRK	A	Q251A
1JZ7	A	H419N
1JZ7	A	E417Q
1JZ7	A	H419F
1JZ7	A	H419E
1JZ7	A	E417V
5Z73	A	R430N
3VVG	A	C106A/C159A
3VVG	A	E163A
3VVG	A	C106A/C159A/C372A
3VVG	A	H161A
3VVG	A	P164A
3VVG	A	R156A
3VVG	A	G158A
3VVG	A	I162A
3VVG	A	C372A
3VVG	A	H155A
3VVG	A	C159A
3VVG	A	I157A
3VVG	A	T160A
1EG1	A	Q148F
1JS4	B	E470G
1JS4	B	E470A
3QXF	A	K353E
1EG1	A	K294F
1EG1	A	Q296V
6GSZ	A	D594Q
5O0S	A	R544W
3CZG	A	G219R
3CZG	A	L414R
3CZG	A	G444R
3CZG	A	G219R/G444R
3CZG	A	L414R/G444R
4DO4	A	Q201Q
7PLS	A	E294Q
7PLS	A	E140G
7PLS	A	E84G
7PLS	A	D281G
7PLS	A	E294G
7PLS	A	D263G
7PLS	A	D163G
7PLS	A	E280G
7PLS	A	E75G
7PLS	A	D220G
7PLS	A	D220N
3OZO	A	H433A
6ZT7	A	H69H
1EQC	A	F182A/F296Y
1EQC	A	F296I
1EQC	A	F267A
1EQC	A	F182A
1EQC	A	F296W
5XD0	A	Q87T/D152G/Y307H/V330A/N344D
1MVE	A	E34L
1MVE	A	W226R
1MVE	A	Q93N
1MVE	A	D225L
1MVE	A	F63I
1MVE	A	Q93I
1MVE	A	L85G
1MVE	A	Y65L
1MVE	A	D229N
1MVE	A	R160Q
1MVE	A	N95A
1MVE	A	Q93D
1MVE	A	N231G
1MVE	A	Q93E
1MVE	A	E108I
1MVE	A	Q93A
1MVE	A	N67L
1MVE	A	N162A
1MVE	A	D225N
1MVE	A	Q104N
1MVE	A	K223M
1MVE	A	N95Q
1MVE	A	D229M
1MVE	A	R232M
1MVE	A	D229R
1MVE	A	R160M
1MVE	A	Q93R
1MVE	A	Q104I
1MVE	A	E108D
1MVE	A	K223F
1MVE	A	G178S
1MVE	A	W226F
1MVE	A	T227F
1MVE	A	F182L
1MVE	A	G230N
1MVE	A	N67Q
1MVE	A	K87A
1MVE	A	K87M
1MVE	A	V41Y
1MVE	A	W226Y
1MVE	A	V41Y/W226Y
1QNR	A	R198K
1DYP	A	R92A
1DYP	A	R151A
1DYP	A	Q171A
1DYP	A	W266A
5BRP	A	H281A
5BRP	A	H282A
5BRP	A	K284A
5AWO	A	D237A
5AWO	A	M273A
5AWO	A	D237A/N239A
2W91	A	N335A
2W91	A	N335Q
3ECQ	A	E796A
3ECQ	A	E796Q
3ECQ	A	D764A
3T8I	A	H79A
3EPW	A	L250P
3EPW	A	E249P
3EPW	A	L251P
3EPW	A	D253P
3EPW	A	H247P
3BL6	A	F104C
5KB3	A	F107A
5KB3	A	H109A
8AVA	A	D376A
8AVA	A	E297Q
1RTQ	A	D205M
1RTQ	A	S334A
1RTQ	A	M286A
1RTQ	A	E257H
1RTQ	A	D224N
5CDL	A	D53A
5CDL	A	Y56A
5CDL	A	R55A
3EDY	A	S475L
3EDY	A	E272A
3EDY	A	D360A
3EDY	A	D327A
3EDY	A	D276A
6XJ5	B	T357A
4F8Z	A	D351G
1ONW	A	R233K
1ONW	A	E77Q
1ONW	A	E77D
1ONW	A	R169K
1ONW	A	S289A
6M3B	A	R271A
6M3B	A	K275A
6M3B	A	R272A
8ONO	A	D647A
8ONO	A	D649A
8ONO	A	K660A
8ONO	A	K655A
8ONO	A	E125A
5YOK	A	K7K/I33I/I63I/A67A/A95A
3DNZ	A	N348T
3DNZ	A	N348D
3DNZ	A	N348A
3DNZ	A	N348Q
6PAC	A	N46S
5K4G	A	S121P
1Q74	A	E47A
1Q74	A	D146N
1Q74	A	F216A
1Q74	A	L19A
1Q74	A	M98A
1Q74	A	D15A
2PVA	A	T60S/S107C/N195Y
3V8E	A	C167A
1U60	A	Q162A
2P53	A	Y223F
5BK6	A	Q215N
5BK6	A	F41W
5BK6	A	F41Y
5BK6	A	Q215A
5BK6	A	F41A
5BK6	A	Q215E
5BK6	A	F41L
5BK6	A	H142A
1OR0	A	D484A
1OR0	A	Q248N
1OR0	A	Q248N/K396A
1OR0	A	R319A
1OR0	A	F31L
1K1D	A	M63I/F159S
1K1D	A	M63H/F159N
4BJH	A	C181A
2EG6	A	T109S
2EG6	A	T109A
2EG6	A	T110S
2EG6	A	T109V
2QDS	A	N95H/N192G
2QDS	A	H231A
2QDS	A	H97A
2QDS	A	N95H/N192G/K196Q
2QDS	A	T135A
2QDS	A	K198Q
2QDS	A	V48I
2QDS	A	N192G
2QDS	A	K196Q
2QDS	A	H174A
2QDS	A	D99T
2QDS	A	D99A
2QDS	A	V48D
7U49	A	R273G
7U49	A	R273S
7U49	A	R273N
7U49	A	R273C
7U49	A	R273W
7U49	A	R273H
7ZO5	A	D141S
7ZO5	A	D141N
7ZO5	A	D141C
2QDS	A	V48A
2AEB	A	S230G
2AEB	A	S230D
2AEB	A	S230C
2AEB	A	S230T
2CEV	A	E278A
3SL1	A	E295A
3SL1	A	E295A/R404A
3SL1	A	R404A
3SL1	A	E295R
2AEB	A	E256Q
3B1U	A	D465A
3B1U	A	Y435A
3B1U	A	V284D
3B1U	A	F576A
3B1U	A	L279D
3B1U	A	L6A
3B1U	A	F541A
3B1U	A	L6D
3B1U	A	F285A
3B1U	A	L279I
3B1U	A	W548F
3B1U	A	V283I
3B1U	A	W548K
3B1U	A	C434A
3B1U	A	V283A
3B1U	A	L279A
3B1U	A	V283T
3B1U	A	V284A
3B1U	A	L6I
3B1U	A	V284I
4N25	A	R373A
4N25	A	D374A
4N25	A	D169A
4N24	A	F221A/F222A
4N25	A	D166A
4N25	A	Q350A
4N25	A	E352A
4N25	A	R347A
4N25	A	D389A
4N25	A	D177A
4N25	A	D123N
4N25	A	D125A
4N25	A	E412A
4N25	A	D370A
3NIP	B	Y157M
1P6O	A	A223L/V308I/I340L
6II7	A	L179H
6II7	A	Q27Q/I227I
1FS5	A	W224Y
1FS5	A	R172A
1FS5	A	C228S/C239S/D165C/S206W
1FS5	A	C118S/C228S/C239S
1FS5	A	W15Y/F174W/W224Y
1FS5	A	W15Y/W224Y
1FS5	A	W15Y
2BQY	A	C16S
2NXF	A	H97A
5QK0	A	E166Q
5QK0	A	E115Q
5QK0	A	Q82A
5QK0	A	D164N
5QK0	A	E93Q
5QK0	A	D164A
5QK0	A	R111Q
5QK0	A	E112Q
5QK0	A	E116Q
5CFJ	A	P133A
5CFJ	A	P133F
2PY4	A	H145W
2PY4	A	D28N/H145W
1SIX	A	R140K
2PY4	A	R140K/H145W
5Y5Q	A	E158A
5Y5Q	A	K150E
5Y5Q	A	R24T
5Y5Q	A	K150A
5Y5Q	A	R161K
5Y5Q	A	R24T/S115R
2BSY	A	C4S
5Y5Q	A	V160D
5Y5Q	A	E158E
5Y5Q	A	S115R
5Y5Q	A	E158W
5A65	A	E81A
3ZX3	A	Y409F
3ZX3	A	K257M
8I1F	A	F27A
3HBM	A	H17N
3HBM	A	Y78F
3HBM	A	N255A
2QTH	A	F236P
3HWP	A	Y121A
3HWP	A	N132A
3E9K	A	S332G/N333T
3E9K	A	N333T
3E9K	A	H102W/S332G/N333T
3E9K	A	H102W/N333T
2DGM	A	Q5D/V6I/T7E
1F3T	A	K292A
1F3T	A	S394A
1F3T	A	D362E
5GJP	A	A44V/G45T/V46P/P54D/S322A
5GJP	A	S322T/I326L
5GJP	A	A44V/G45T/V46P/P54D
5GJP	A	S322A
5GJP	A	A44V/G45T/V46P/P54D/S322T/I326L
5GJP	A	A44V/G45T/V46P
5GJP	A	P54D
5GJP	A	G319W
3N75	A	F14C/K44C
4E1O	A	S418S
3SSJ	A	R160A
3SSJ	A	T159V
1FI4	A	S155A
1FI4	A	K18M
1FI4	A	S153A
1FI4	A	S120A
1FI4	A	S121A
1R3Q	A	G318R
1R3Q	A	K297N
3A12	A	V330T
2RUS	A	D117H
2RUS	A	D263Q
2RUS	A	H44N
2RUS	A	D117V
2RUS	A	D263A
2RUS	A	D263N
2RUS	A	H44Q
2RUS	A	D263S
2RUS	A	D263E
8DHT	A	M295D
4A29	A	L236Q
4A29	A	D61C
4A29	A	L246S
4A29	A	M237T
4A29	A	R54A
4A29	A	N90A
2C31	A	S553A
4F0X	B	C206S
5Y02	A	N131Q
5TLE	A	E190A
5TLE	A	K108M
5TLE	A	E190Q
5TLE	A	E188A
5TLE	A	D34S
5TLE	A	D34N
5TLE	A	E188Q
5TLE	A	H157E
5TLE	A	K147A
5TLE	A	K147M
4ALD	A	E207K
4ALD	A	G347S
5VJE	A	D291A
5VJE	A	D145A
5VJE	A	D289A
5VJE	A	D330A
5VJE	A	N287D
5VJE	A	D110A
3ELF	A	G167A
3ELF	A	G167A/G166A
4DEL	A	E168A
5VJE	A	N287A
1FUA	A	Y113F
1FUA	A	F206W
2FUA	A	Y209F
2FUA	A	K207A
1FUA	A	F131A
3AHC	A	H548A
3AHC	A	S440A
3AHC	A	Y501F
3WWP	A	H103C/N156G
3WWP	A	H103C/N156D
3WWP	A	H103C
3C6X	A	Y133F
3C6X	A	V106F/F125T
3C6X	A	F125T
3C6X	A	F125T/Y133F
1DWO	A	H103L
1DWO	A	H103M
1DWO	A	K176P
1DWO	A	H103Y
1DWO	A	K176P/K199P/K224P
3C6X	A	V106F
3WGB	A	K51A
3WGB	A	S292R
3WGB	A	G200S
2VSS	B	Y239F
2VSS	B	S123A
6XPP	A	E423D/E424D
6XPP	A	E424D
6XPP	A	E423D
6G1O	A	N214D
6G1O	A	Q221K
6G1O	A	E219A
3S5O	A	Y140F
3NOJ	A	R195A
3NOJ	A	R40A
3NOJ	A	G144V
3NOJ	A	K147A
5LKY	A	K165C
1QRE	A	R93A
1QRE	A	R93H
1QRE	A	R93E
1QRE	A	R93Q
1QRE	A	R93M
1QRE	A	R93C
1QRE	A	W53F
1QRE	A	R93K
1QRE	A	W53N
1QRE	A	W53A
1QRE	A	Y166A
1QRE	A	Y166S
1QRE	A	Y166F
2OPJ	A	R17G/F14G/R15G/G16G/I17G
2OPJ	A	R15A/F37A
2OPJ	A	R126M
2OPJ	A	T73A
2OPJ	A	G252A
2OPJ	A	R15A
2OPJ	A	G252T
2OPJ	A	F14A
2OPJ	A	N71A/T73L
2OPJ	A	R15A/Y40A
2OPJ	A	Y40A
2OPJ	A	N71L/T73V
2OPJ	A	F37A
2OPJ	A	T73L
2OPJ	A	N71A
2OPJ	A	V228L
6NZ9	A	E315Q
5UPP	A	A308T
5UPP	A	H318Y
5IXJ	A	M144T/N166D
5B1H	A	E223G
1BXK	A	Y701F
1BXK	A	E598Q
4EAY	A	E186G
4EAY	A	N36G
4EAY	A	H32G
4EAY	A	E186D
4EAY	A	E185G
4EAY	A	E185D
1F93	A	H62A
1F93	A	H80A
4OJZ	A	H202L
4OJZ	A	R438A
4OJZ	A	H415A
4OJZ	A	R260A
1OFL	A	E333A
1OFL	A	H272A
1OFL	A	R363A
3G4D	A	D452A
3G4D	A	D308A
3G4D	A	D451A
3G4D	A	W279A
3G4D	A	W279M
3G4D	A	W279Q
3G4D	A	W279D
3G4D	A	W279L
3G4D	A	W279E
3G4D	A	W279Y
2X8W	A	R80I
2X8W	A	R80D/D100R
2X8W	A	R80K
2X8W	A	D100V
2X8W	A	D100N
1DGP	A	K251R
1DGP	A	K251Q
1DGP	A	E252Q
1DGP	A	E119Q
1DGP	A	E119D
1DGP	A	D115E
4KWD	A	S297A
4KWD	A	Q157E
4KWD	A	S297H
4KWD	A	S297D
4KWD	A	Q157H
1DGP	A	D116E
1DGP	A	D116N
1DGP	A	E252D
3R6V	B	P322A
5YGR	A	C271V
5YGR	A	D125S
5YGR	A	D125E
4D9I	A	C265S
2IQQ	A	T54A
2IQQ	A	S50A
1KCZ	A	H194A
1KCZ	A	F170A
1KCZ	A	Q329A
1KCZ	A	Y356A
3CZO	A	Q292C/S565S
6IEM	A	C441S
1JVN	A	R239K
1JVN	A	K360A
1JVN	A	R239H
1JVN	A	R239A
1JVN	A	K259R
1JVN	A	K360R
1JVN	A	K259A
2I5T	A	G23A
7JZG	A	Q234D
7JZG	A	K161R
7JZG	A	D193Y
7JZG	A	K161A
7JZG	A	D193A
7JZG	A	Q196D
3COG	A	T67I
3COG	A	Q240E
3MKJ	A	C115A
3MKJ	A	A366Y
3MKJ	A	P357I
3MKJ	A	P360Q
3MKJ	A	C115H
3MKJ	A	V358Y
3ACZ	A	R1555A
2FQ6	A	W300F
2FQ6	A	K42A
2FQ6	A	W131F/W230F/W276F/W300F
2FQ6	A	S32A
2FQ6	A	W230F
2FQ6	A	W276F
2FQ6	A	W131F
3PCV	A	S36E
6ETK	A	K33H/R36H
6ETK	A	K33H/R36H/H38K/H145Q
6SIR	A	E132K/C201D
2HK6	A	E61K
2HK6	A	D76G/K102T
2HK6	A	M11V/G104A
2HK6	A	T302A
2RJG	A	D164K
2RJG	A	E165A
2RJG	A	E221K
2RJG	A	D164A
2RJG	A	E165K
2RJG	A	E221A
2RJG	A	E221P
4LUS	A	K271T
4Y2W	A	S173D
3L6B	A	D318N
3L6B	A	C113S
1B74	A	E147N
4DZA	A	S394T
4DZA	A	S394C
4DZA	A	S394Y
4DZA	A	S394N
3FVE	A	C87S
4X2P	A	V26F
4X2P	A	V26A
4X2P	A	V26L
4X2P	A	A25V
4X2P	A	D270N
4X2P	A	V26S
4X2P	A	V26I
4Z4J	A	A12S
4Z4J	A	A12S/K328I
4Z4J	A	E161D/S180P/S351G
4Z4J	A	E161D/N365P
3QSR	A	I45F
3QSR	A	I45Y
3QSR	A	I45V
3QSR	A	I45A
3QSR	A	I45L
3QSR	A	I45G
1TPW	A	V167P/W168E
7TIM	A	K17L/Y46F/D48F/Q82F/D85L
7TIM	A	K17L/Y46F/D48Y/Q82A/D85A
7TIM	A	K17P/Y46A/D48L/Q82T/D85A
7TIM	A	K17A/Y46A/D48F/Q82A/D85S
1TPF	A	R191A
1TPF	A	D227N
1TPF	A	A178L
1TPF	A	D227A
1TPF	A	R191S
4BI6	A	F12W
4BI6	A	W75F
4BI6	A	W162F
4BI6	A	W173F
4BI6	A	W196F
4BI6	A	W75F/W162F/W196F
4BI6	A	W75F/W162F/W173F
2JGQ	A	K183S
2JGQ	A	D213Q
2JGQ	A	D213A
2JGQ	A	K183A
4YWI	A	Y74G
4YWI	A	C13D
4YWI	A	Y74C
4YWI	A	C13E
1TPF	A	C14S/S71C
2VEN	B	S15A
1TPF	A	C14V
1TPF	A	C14A
1TPF	A	C14S/A69C
4BI6	A	W75F/W173F/W196F
4BI6	A	W162F/W173F/W196F
2V5B	A	C15A
2V5B	A	E168D
5DN1	A	R19A
5LU5	A	D61A
1IAT	A	L338P
1IAT	A	S277L
1IAT	A	R82W
1IAT	A	D510N
1IAT	A	E494Q
1IAT	A	I524T
1IAT	A	H395L
1IAT	A	R346H
1IAT	A	L486F
1IAT	A	H99L
1IAT	A	A299P
1IAT	A	R74G
1IAT	A	V100M
1IAT	A	R346C
1IAT	A	S184A
1IAT	A	T374R
1IAT	A	T194I
1IAT	A	R471H
1IAT	A	E494K
1IAT	A	Y273F
1IAT	A	Y340F
1IAT	A	K361A
1IAT	A	H388L
1IAT	A	N153Q
1IAT	A	N385A
6B1K	A	P2G
1MFI	A	P2G
1MFI	A	P2A
1MFI	A	E17A
1MFI	A	N98A
1MFI	A	Y96F
1MFI	A	K33R
2PZV	A	Y119F
1XX4	A	K242T
1XX4	A	D149E
1XX4	A	K242R
1XX4	A	K242D
1XX4	A	K242C
1XX4	A	K242F
1QHF	A	S12A
1QHF	A	E87Q
1QHF	A	A61S
4MRQ	A	R262A
4MRQ	A	P368G
4MRQ	A	S369A
4MRQ	A	P368A
4MRQ	A	R262A/P368G
1PYM	A	L124A
4CQ5	A	L97G
4CQ5	A	L97G/C89T
3HWO	A	F327Y
3BZM	A	L255A
1ZJA	A	R284C
1ZJA	A	D415N
4XC8	A	Q742N
4XC8	A	Q742A
2VKL	A	G101A
3INR	A	E301A
3UKH	A	N207A
3UKH	A	R182K
3UKH	A	R182A
4LIX	A	D503A
4LIX	A	N425H
4LIX	A	N425A
4LIX	A	R340A
5YX4	A	A189T
5YX4	A	I190M
5YX4	A	A189A
5YX4	A	Y116A
5YX4	A	M96K
4D06	A	R126A
4C9T	A	Y49F
4R7Y	A	L189D/D191R
4R7Y	A	E202G/E203G/V204G
1LI7	A	R42A
1LI7	A	H297A
1LI7	A	M294A
1LI7	A	E354Q
1LI7	A	M294A/H297A
4JXX	A	Y212F
4JXX	A	F234L
4JXX	A	F234Y
5MGW	A	R153G
5MGW	A	H135D
1EVL	A	E458D
1EVL	A	P424K
6LPF	A	D399A
3HY0	A	D236A
3HY0	A	D236N
5BSR	A	K197A
5BSR	A	M344A
5BSR	A	T193A
5X8F	A	G157P
5X8F	A	T155A/T156A
5X8F	A	T155A
5X8F	A	G154P
5X8F	A	T156A
4IZ6	A	N340C
3WNZ	A	Y75F
4C12	A	P408A
1DAD	A	N176G
1DAD	A	N176A
7L1J	A	G169N
2W70	A	R19E
2W70	A	E23R
2W70	A	R338A
2W70	A	E296A
2W70	A	F363A
6UEL	A	T1406D
1S1M	A	G142A
1S1M	A	G146A
1S1M	A	L109A
1S1M	A	G143A
2GCQ	A	V274A
2GCQ	A	V274N
2GCQ	A	V274T
1P9B	A	C368D
1P9B	A	C328D
1P9B	A	R155L
1P9B	A	C328S
1P9B	A	C328S/C368S
1P9B	A	R155K
1P9B	A	R155A
1P9B	A	C368S
3VA7	A	G1263E
3VA7	A	E1792A
3VA7	A	D1564N
1GPM	A	E383A
1GPM	A	H186A/E383A
1GPM	A	H186A
1GPM	A	H186E/E383H
3BG5	A	S943A
3BG5	A	Q838A
3TW6	A	R427K
4LOC	A	R472S
3TW6	A	R424S
3TW6	A	R469S
3TW6	A	R429K
4LOC	A	D471A
4LOC	A	R472K
3TW6	A	R427S
4LOC	A	D1018A
4LOC	A	D890A
3TW6	A	R469K
4LOC	A	E1027A
4LOC	A	E1027R
3TW6	A	R429S
5CSL	B	Y83A
5CSL	B	Q608R
5CSL	B	R656E
