5VJ5_A	LEU57,LEU141,PHE93,ASP49,ILE318,ARG47,SER48,CYS174,HIS67,THR178,CYS46,LEU57,LEU141,ASP49,ILE318,CYS174,SER48,HIS67,PHE140,LEU116,CYS46,PHE93,LEU57,LEU141,THR94,ILE318,CYS174,SER48,HIS67,PHE140,LEU116,VAL294,PHE93,LEU309,LEU57,LEU141,ILE318,CYS174,SER48,HIS67,LEU116,VAL294,PHE93,ILE318,CYS46,HIS67,THR178,LEU116,LEU309,LEU57,LEU141,VAL292,SER48,PHE319,CYS174,VAL294,PHE93,LEU309,VAL292,PHE319,ALA317,ILE318,CYS174,SER48,THR178,GLY293,VAL294,LEU116,PHE93,LEU309,VAL292,PHE319,ALA317,ILE318,CYS174,SER48,THR178,GLY293,VAL294,PHE93,ILE318,GLY293,CYS46,THR178,LEU309,VAL203,VAL292,SER48,ALA317,PHE319,ARG47,CYS174,VAL294,PHE93,GLY293,CYS46,VAL268,THR178,LEU309,VAL203,VAL292,SER48,ARG47,CYS174,VAL294,GLY293,CYS46,VAL268,GLY175,THR178,VAL203,VAL292,SER48,ARG369,ARG47,CYS174,VAL294,GLU68,GLY293,CYS46,GLY175,HIS67,THR178,VAL203,VAL292,SER48,ARG369,ARG47,CYS174,ARG369,PHE93,VAL203,VAL292,GLY175,ARG47,SER48,CYS174,HIS67,THR178,CYS46,GLY293,CYS46,HIS67,THR178,VAL203,VAL292,SER48,PHE319,ARG47,CYS174,VAL294,PHE93,ILE318,CYS46,HIS67,THR178,LEU116,LEU141,VAL292,SER48,PHE319,CYS174,VAL294,PHE93
5VJ5_B	HIS67,VAL294,ARG47,PHE93,SER48,CYS46,CYS174,THR178,LEU57,ASP49,LEU141,ILE318,HIS67,LEU116,CYS46,PHE93,SER48,PHE140,CYS174,LEU57,ASP49,LEU141,ILE318,HIS67,LEU116,VAL294,PHE93,SER48,PHE140,CYS46,CYS174,LEU57,LEU141,THR94,ILE318,HIS67,LEU116,VAL294,PHE93,SER48,CYS174,LEU57,LEU309,LEU141,ILE318,SER48,PHE319,LEU309,VAL294,CYS174,PHE93,ILE318,CYS46,HIS67,LEU116,THR178,LEU57,VAL292,LEU141,GLY293,VAL294,LEU116,PHE93,SER48,ALA317,PHE319,CYS174,THR178,LEU309,VAL292,ILE318,GLY293,VAL294,CYS174,PHE93,SER48,ALA317,PHE319,THR178,LEU309,VAL292,ILE318,SER48,ALA317,PHE319,LEU309,VAL294,CYS174,PHE93,ILE318,GLY293,CYS46,THR178,VAL292,VAL203,SER48,ALA317,LEU309,VAL294,ARG47,CYS174,GLY293,CYS46,VAL268,THR178,VAL292,VAL203,SER48,VAL294,ARG47,CYS174,GLY293,CYS46,GLY175,VAL268,THR178,VAL292,VAL203,SER48,ARG369,VAL294,ARG47,CYS174,GLY293,CYS46,GLY175,HIS67,THR178,VAL292,VAL203,SER48,ARG369,VAL294,ARG47,PHE93,CYS174,CYS46,GLY175,HIS67,THR178,VAL292,VAL203,SER48,PHE319,VAL294,ARG47,PHE93,CYS174,GLY293,CYS46,HIS67,THR178,VAL292,VAL203,SER48,PHE319,VAL294,CYS174,PHE93,ILE318,CYS46,HIS67,LEU116,THR178,LEU57,VAL292,LEU141
7ADH_A	PRO351,LYS323,ILE346,HIS34,PRO62,VAL83,THR347,PRO106,LYS10,THR82,VAL41,GLY79,VAL184,ILE23,GLY98,PHE374,THR127,SER164,LYS18,PHE322,SER367,LYS212,ASP161,CYS100,PRO85,ILE371,LYS330,ASP125,LYS226,LYS19,GLU17,GLU16,TRP15,LYS228,LEU361,LEU362,LYS339,ILE368,LYS5,PHE340,GLU154,LEU350,VAL235,HIS348,LEU342,LYS104,GLU167,ARG129,LEU200,GLN124,ARG84,ARG133,LYS88,CYS97,LEU112,THR313,LYS135,GLY201,GLY202,VAL52,ASP326,PRO165,LYS325,VAL157,GLY365,LYS168,ALA162,LYS188,MET40,ASP343,ILE72,SER327,ASP223,THR56,GLY236,SER54,VAL186,GLU366,GLY55,GLN96,ASP87,GLY358,LYS99,LYS248,GLU25,LYS315,LYS32,ASN225,ILE160,ALA163,ARG101,LYS247,TYR149,LYS354,ILE155,GLU24,ARG47,LYS159,LYS185,ARG120,LYS39,SER1,THR81,LYS113,ASP153,GLU107,LEU166,LYS8,GLU353,THR2,GLU357,ASP245,VAL349,GLY86,ALA3,LYS231,ASP227,VAL53
6CY3_A	PHE198,GLY199,ILE224,PRO243,VAL222,THR274,ILE269,ASP273,ASP223,ARG271,PHE198,GLY199,ILE224,PRO243,ASN225,THR274,ILE269,VAL222,ASP223,ARG271,PHE198,GLY199,ILE224,ASN225,PRO243,THR274,ILE269,LEU200,VAL222,ASP223,ARG271,PHE198,GLY199,ILE224,ASN225,THR274,ILE269,LEU200,VAL222,ASP223,ARG271,GLY199,ILE224,THR274,ILE269,ASP223,ARG271,ILE224,PRO243,THR274,ILE269,ASP273,ASP223,ARG271,ILE224,THR274,ILE269,ASP273,ARG271,ILE224,THR274,ILE269,ASP223,ARG271,GLY199,ILE224,ILE269,ASP223,ARG271,VAL268,GLY199,ILE224,ASN225,ILE269,LEU200,VAL222,ASP223,ARG271,VAL268,GLY199,PHE198,GLY201,ILE224,ASN225,LYS228,ILE269,LEU200,VAL222,ASP223,ARG271,GLY199,GLY201,ILE224,ASN225,LYS228,ILE269,LEU200,ASP223,GLY199,GLY201,ILE224,ASN225,LYS228,LEU200,ASP223,VAL268,GLY199,GLY201,ARG47,ASN225,LYS228,ILE269,LEU200,ASP223,VAL268,GLY199,GLY201,ASN225,LYS228,LEU200,ILE368,ASP223,GLY202,VAL268,GLY199,PHE198,GLY201,LYS228,ILE269,LEU200,ASP223,VAL268,GLY199,PHE198,GLY201,ILE224,ILE269,LEU200,GLY270,VAL222,ASP223,VAL268,GLY199,PHE198,GLY201,ARG47,ILE269,LEU200,GLY270,ASP223,GLY202,VAL268,GLY199,GLY201,ARG47,LYS228,ILE269,LEU200,GLY204,VAL203,ASP223,GLY202,VAL268,GLY201,ARG47,LYS228,ILE269,LEU200,LEU362,VAL203,GLY202,VAL268,GLY201,ARG47,ILE269,GLY201,ARG47,ILE368,LYS228,SER367,LEU200,LEU362,VAL203,GLY202,VAL268,GLY201,ARG47,ILE269,LEU362,VAL203,GLY202,VAL268,GLY201,ARG47,ILE368,ILE269,LEU200,GLY204,VAL203,ARG369,GLY202,GLY201,CYS46,ARG47,ILE368,LEU362,GLY204,VAL203,ARG369,GLY175,GLY202,VAL268,GLY199,GLY201,LEU205,ARG47,ILE368,LEU200,GLY204,VAL203,GLY202,VAL268,GLY201,GLY293,ARG47,ILE269,GLY204,VAL203,GLY202,VAL268,GLY293,CYS46,ARG47,ILE269,VAL203,VAL268,GLY293,VAL294,ARG47,CYS46,THR178,ILE269,GLY270,HIS51,VAL292,VAL203,VAL268,GLY293,VAL294,ARG47,ILE269,GLY270,HIS51,VAL292,VAL203,VAL268,GLY293,VAL294,ARG47,THR178,ILE269,GLY204,VAL292,ASN267,VAL203,GLY293,VAL294,ARG47,SER48,CYS46,ILE269,HIS51,VAL292,VAL203,GLY293,VAL294,ARG47,SER48,CYS46,ILE269,GLY270,HIS51,PRO296,VAL203,GLY293,VAL294,ARG47,SER48,CYS46,THR178,ILE269,VAL292,VAL203,HIS51,PRO295,GLY293,VAL294,ARG47,SER48,ILE269,GLY270,PRO296,VAL292,HIS51,GLY293,VAL294,ARG47,SER48,CYS46,THR178,VAL292,VAL203,GLY293,VAL294,SER48,ALA317,THR178,VAL292,ILE318,GLY293,LEU116,VAL294,SER48,PHE93,ALA317,THR178,PHE319,VAL292,ILE318,LEU116,VAL294,SER48,PHE93,ALA317,CYS174,ILE318,THR178,PHE319,VAL292,LEU116,VAL294,PHE93,SER48,ILE318,LEU57,VAL292,HIS67,LEU116,CYS174,SER48,PHE93,ALA317,THR178,ILE318,PHE319,VAL292,HIS67,LEU116,CYS174,PHE93,SER48,THR178,PHE319,ILE318,LEU57,LEU141,THR94,HIS67,LEU116,CYS174,PHE93,SER48,THR178,CYS46,ILE318,LEU57,LEU141,HIS67,CYS46,CYS174,PHE93,SER48,THR178,ARG47,ASP49,LEU141
5VKR_A	PHE198,GLY199,ILE224,PRO243,THR274,ILE269,VAL222,ASP273,ASP223,ARG271,PHE198,GLY199,ILE224,ASN225,PRO243,THR274,ILE269,VAL222,ASP223,GLY199,PHE198,ILE224,ASN225,PRO243,THR274,ILE269,LEU200,VAL222,ASP223,GLY199,PHE198,ILE224,ASN225,THR274,ILE269,VAL222,ASP223,ARG271,ILE224,THR274,ILE269,ASP223,ARG271,ILE224,PRO243,THR274,ILE269,ASP273,ASP223,ARG271,ILE224,PRO243,THR274,ILE269,ASP273,ARG271,ILE224,THR274,ILE269,ASP223,ARG271,ILE224,ILE269,ASP223,ARG271,GLY199,ILE224,ASN225,ILE269,LEU200,VAL222,ASP223,ARG271,VAL268,GLY199,GLY201,PHE198,ILE224,ASN225,LYS228,ILE269,LEU200,VAL222,ASP223,GLY199,GLY201,ILE224,ASN225,LYS228,ILE269,LEU200,ASP223,GLY199,ILE224,ASN225,LYS228,LEU200,ASP223,VAL268,GLY199,GLY201,ILE224,ASN225,LYS228,ILE269,LEU200,ASP223,GLY199,GLY201,ILE224,ASN225,LYS228,LEU200,ASP223,VAL268,GLY199,GLY201,PHE198,ILE224,ILE269,LEU200,VAL222,ASP223,VAL268,GLY199,GLY201,PHE198,LYS228,ILE269,LEU200,ASP223,VAL268,GLY199,GLY201,ARG47,LYS228,ILE269,LEU200,ASP223,VAL268,GLY199,GLY201,ARG47,LYS228,ILE269,LEU200,ASP223,GLY202,VAL268,GLY201,ARG47,SER367,LYS228,ILE269,LEU200,GLY202,VAL268,GLY201,ARG47,LYS228,ILE269,LEU362,GLY201,ARG47,SER367,LYS228,ILE368,LEU200,LEU362,VAL203,ARG369,GLY365,GLY202,VAL268,GLY201,ARG47,ILE269,VAL203,ARG369,GLY202,VAL268,GLY201,ARG47,ILE368,GLY204,VAL203,ARG369,GLY202,GLY201,CYS46,ARG47,ILE368,LEU362,GLY204,VAL203,ARG369,GLY202,VAL268,GLY199,GLY201,LEU205,ARG47,ILE368,LEU200,GLY204,VAL203,ARG369,GLY202,VAL268,GLY201,ARG47,ILE269,GLY204,VAL203,ARG369,GLY202,VAL268,ARG47,ILE269,GLY270,VAL203,VAL268,PRO295,GLY293,ARG47,VAL294,ILE269,GLY270,VAL292,ARG271,GLU267,VAL203,VAL268,PRO295,PHE198,GLY293,VAL294,ILE269,GLY270,GLU267,VAL292,ARG271,ILE291,VAL203,VAL268,PRO295,GLY293,VAL294,ILE269,GLY270,VAL292,GLU267,VAL203,VAL268,GLY293,THR178,VAL294,GLY270,ILE269,VAL292,GLU267,VAL203,VAL268,GLY293,ARG47,THR178,ILE269,VAL294,GLY270,VAL292,GLU267,VAL203,PRO295,VAL268,VAL203,GLY293,CYS46,ARG47,SER48,VAL294,ILE269,GLY270,VAL292,HIS51,VAL268,VAL203,GLY293,CYS46,ARG47,VAL294,ILE269,GLY270,VAL292,HIS51,VAL268,GLY293,ARG47,VAL294,ILE269,GLY270,VAL203,HIS51
5VJG_A	THR178,LEU57,LEU141,ASP49,ILE318,ARG47,SER48,HIS67,CYS46,CYS174,PHE93,THR178,PHE319,CYS46,LEU141,VAL292,ILE318,HIS67,SER48,LEU116,CYS174,PHE93,PHE319,CYS46,LEU57,LEU141,VAL292,VAL294,ILE318,HIS67,SER48,LEU116,CYS174,PHE93,LEU57,LEU141,ILE318,HIS67,SER48,LEU116,CYS174,PHE93,THR178,PHE319,CYS46,VAL292,VAL203,SER48,GLY293,VAL294,CYS174,PHE93,ALA317,THR178,CYS46,VAL292,VAL268,VAL203,SER48,GLY293,VAL294,CYS174,THR178,CYS46,ARG369,VAL292,VAL268,VAL203,GLY175,ARG47,SER48,GLY293,VAL294,CYS174,THR178,GLU68,ARG369,VAL292,VAL203,GLY175,ARG47,SER48,HIS67,GLY293,CYS46,CYS174,PHE93,THR178,ARG369,VAL292,VAL203,GLY175,ARG47,HIS67,SER48,CYS46,CYS174,PHE93,THR178,PHE319,CYS46,VAL292,VAL203,HIS67,SER48,GLY293,VAL294,CYS174,PHE93,PHE140,CYS46,LEU57,LEU141,ILE318,SER48,HIS67,LEU116,CYS174,PHE93,PHE140,CYS46,LEU57,LEU141,ASP49,ILE318,SER48,HIS67,LEU116,CYS174,PHE93
5ADH_A	THR274,ILE224,ILE269,ASP273,PRO243,ARG271,VAL222,ASP223,PHE198,THR274,ILE224,ILE269,PRO243,VAL222,ASP223,GLY199,PHE198,ASN225,THR274,ILE224,LEU200,ILE269,PRO243,VAL222,ASP223,GLY199,PHE198,ASN225,THR274,ILE224,ILE269,ARG271,VAL222,ASP223,GLY199,PHE198,ASN225,THR274,ILE224,ILE269,ARG271,ASP223,THR274,ILE224,ILE269,ASP273,ARG271,ASP223,PRO243,THR274,ILE224,ILE269,ASP273,ARG271,THR274,ILE224,ILE269,ARG271,ASP223,ILE224,ILE269,ARG271,GLY199,ASP223,ILE224,LEU200,ILE269,ARG271,VAL222,ASP223,GLY199,GLY201,LEU200,ILE224,LYS228,ILE269,VAL222,GLY199,ASP223,PHE198,ASN225,GLY201,LEU200,ILE224,LYS228,ILE269,GLY199,ASP223,ASN225,LEU200,ILE224,LYS228,ILE269,GLY199,ASP223,ASN225,GLY201,LEU200,ILE224,LYS228,ILE269,GLY199,ASP223,ASN225,GLY201,LEU200,ILE224,LYS228,ILE269,VAL222,GLY199,ASP223,ASN225,GLY201,LEU200,ILE224,LYS228,ILE269,VAL222,VAL268,GLY199,ASP223,PHE198,GLY201,LEU200,LYS228,ILE269,VAL268,GLY199,ASP223,PHE198,GLY201,LEU200,LYS228,ILE269,VAL268,GLY199,ASP223,ARG47,GLY201,LEU200,LYS228,ILE269,VAL268,GLY199,ASP223,GLY202,ARG47,GLY201,LEU200,LYS228,ILE269,GLY202,VAL268,ARG47,GLY201,LEU362,LYS228,ILE269,GLY365,VAL268,ARG47,SER367,GLY201,LEU200,LYS228,ILE368,GLY365,GLY202,ARG47,GLY201,ILE269,VAL203,GLY202,VAL268,ARG47,GLY201,GLY204,ILE269,ARG369,VAL203,ILE368,GLY202,VAL268,ARG47,GLY201,CYS46,LEU362,GLY204,ARG369,VAL203,ILE368,GLY202,VAL268,ARG47,GLY201,LEU200,GLY199,GLY204,ILE269,ARG369,VAL203,VAL268,ILE368,GLY202,LEU205,ARG47,GLY201,GLY204,ILE269,GLY270,VAL203,GLY202,VAL268,ARG47,ILE269,GLY270,VAL203,VAL268,ARG47,GLY293,VAL294,ILE269,GLY270,VAL292,VAL203,VAL268,GLU267,ARG47,GLY293,VAL268,THR178,VAL292,VAL203,GLU267,GLY270,VAL294,ILE269,GLY293,VAL268,THR178,VAL292,VAL203,GLU267,GLY270,PRO295,ARG47,VAL294,ILE269,GLY293,PRO296,VAL292,HIS51,SER48,GLY270,PRO295,ARG47,VAL294,ILE269,GLY293,VAL268,VAL292,VAL203,HIS51,SER48,GLY270,PRO295,ARG47,VAL294,ILE269,GLY293,VAL294,GLU267,ILE269,GLY270,ARG271,PRO295,VAL268,HIS51,ARG47,GLY293,VAL294,ILE269,GLY270,PRO295,VAL268,HIS51,ARG47,GLY293,VAL294,ILE269,GLY270,VAL203,VAL268,ARG47
6CXX_A	ILE269,THR178,LYS168,LEU307,ILE318,LEU141,ARG218,GLU239,ARG47,ASP343,VAL268,ILE346,VAL203,GLY199,ASP223,ARG369,PRO243,HIS267,PHE198,GLY175,THR238,ALA317,LEU116,PRO296,HIS67,THR347,PHE319,LYS228,LEU362,LEU57,GLY204,ILE368,MET306,MET118,SER310,LEU205,SER48,CYS46,ASN114,ASP49,VAL294,GLY270,HIS348,CYS174,LEU345,GLY293,LEU309,LEU342,SER117,VAL222,GLY311,PRO344,PRO295,ASP273,ALA217,PHE93,THR274,THR94,VAL349,LEU200,PHE110,GLU284,SER367,VAL292,GLY202,GLY201,ARG271,MET257,ASN225,ILE224,HIS51
6CXX_B	ILE269,THR178,LYS168,LEU307,ILE318,LEU141,ARG47,ASP343,VAL268,ILE346,VAL203,GLY199,ASP223,ARG369,PRO243,HIS267,PHE198,GLY175,LEU116,ALA317,PRO296,HIS67,THR347,PHE319,LYS228,LEU57,LEU362,GLY204,ILE368,MET306,MET118,SER310,LEU205,SER48,ASN114,CYS46,PRO119,ASP49,VAL294,GLY270,HIS348,GLY311,CYS174,LEU309,GLY293,LEU342,SER117,VAL222,LEU345,PRO344,PRO295,ASP273,PHE93,THR274,THR94,VAL349,PHE110,LEU200,GLU284,LEU308,SER367,VAL292,GLY202,GLY201,ARG271,ASN225,ILE224,HIS51
4W6Z_B	TRP92,HIS66,CYS43,TYR294,TRP54,MET270,GLY269,CYS153,THR45,THR157,VAL295,LEU152,TRP92,HIS66,CYS43,ALA154,TYR294,MET270,GLU67,CYS153,THR45,THR157,VAL295,LEU152,TRP92,HIS66,CYS43,ALA154,GLU67,MET270,CYS153,THR45,THR157,VAL295,TRP92,HIS66,CYS43,TYR294,TRP54,MET270,CYS153,THR45,THR157,VAL295,TRP92,HIS66,CYS43,TYR294,TRP54,MET270,GLY269,CYS153,THR45,THR157,VAL268,VAL295,TRP92,VAL284,HIS66,TYR294,MET270,GLY269,CYS153,THR45,THR157,VAL268,VAL295
