EC_number	PDB_ID	Structure_type	Holo_mapping	pymol	Substrate_ID	Cofactor_ID
1.1.1.1	4RQT	Apo structure	4W6Z_A	align	ETF	8ID
1.1.1.149	6M9U	Apo structure	1HDC_A	align	CBO	-
1.1.1.343	6VPB	Apo structure	2ZYA_A	align	6PG	-
1.1.1.368	7QUL	Apo structure	3PII_A	align	BMD	-
1.1.1.369	3EZY	Apo structure	-	-	-	-
1.1.1.95	1YGY	Apo structure	3DDN_A	align	HPV	-
1.1.3.13	5C92	Apo structure	-	-	-	-
1.1.3.47	6STX	Apo structure	-	-	-	-
1.1.3.9	6XLR	Apo structure	1K3I_A	align	GLC	-
1.10.3.2	6S0O	Apo structure	-	-	-	-
1.10.3.2	3OD3	Apo structure	-	-	-	-
1.10.3.2	2Q9O	Apo structure	-	-	-	-
1.10.3.2	2XU9	Apo structure	-	-	-	-
1.10.3.2	2XYB	Apo structure	-	-	-	-
1.11.1.12	6HN3	Apo structure	6HKQ_A	align	G9N	-
1.11.1.28	1ZB9	Apo structure	6EBG_A	align	J3S	-
1.11.1.7	3HVS	Apo structure	-	-	-	-
1.13.11.20	2ATF	Apo structure	4PIZ_A	align	HCS	-
1.13.11.24	5FLH	Apo structure	5FLI_A	align	QUE	-
1.13.11.27	3ISQ	Apo structure	5XGK_A	align	TYF	-
1.13.11.78	4MLM	Apo structure	4MLN_A	align	ODV	-
1.13.12.22	3KG0	Apo structure	-	-	-	-
1.14.11.39	2OG5	Apo structure	2OG7_A	align	AHB	-
1.14.13.225	6KU0	Apo structure	-	-	-	-
1.14.14.33	5DQP	Apo structure	-	-	-	-
1.14.14.9	6B1B	Apo structure	2YYJ_A	align	4HP	FAD
1.14.18.1	2Y9W	Apo structure	2Y9X_A	align	0TR	-
1.14.19.59	7AQU	Apo structure	-	-	-	-
1.14.99.68	3CHH	Apo structure	3CHT_A	align	4NB	-
1.16.3.1	4ENZ	Apo structure	-	-	-	-
1.16.3.1	1ZPU	Apo structure	-	-	-	-
1.2.1.105	2JGD	Apo structure	-	-	-	-
1.2.1.3	5AZ8	Apo structure	-	-	-	-
1.20.4.4	1LJU	Apo structure	8P5N_A	align	ART	-
1.3.1.9	6KI9	Apo structure	2QIO_A	super	TCL	NAD
1.3.3.5	6IQZ	Apo structure	-	-	-	-
1.4.1.2	3K92	Apo structure	1BGV_A	align	GLU	-
1.4.1.4	4BHT	Apo structure	1BGV_A	align	GLU	-
1.4.3.19	6EER	Apo structure	6UFQ_A	align	GLY	-
1.4.3.20	3WEU	Apo structure	3WEV_A	align	LYS	-
1.4.3.21	2C10	Apo structure	-	-	-	-
1.8.4.10	4BWV	Apo structure	-	-	-	-
1.8.5.3	1DMR	Apo structure	4DMR_A	align	DMS	-
1.8.5.3	1EU1	Apo structure	4DMR_A	align	DMS	-
2.1.1.366	6BHD	Apo structure	5KE2_A	align	6S4	-
2.1.1.37	3UBT	Apo structure	-	-	-	-
2.3.1.151	7CBF	Apo structure	-	-	-	-
2.3.1.217	3OV2	Apo structure	-	-	-	-
2.3.1.233	1U0M	Apo structure	-	-	-	-
2.3.1.247	2Y7E	Apo structure	2Y7G_A	align	AAE	-
2.3.1.271	3W6S	Apo structure	-	-	-	-
2.3.1.46	7CBE	Apo structure	-	-	-	-
2.3.1.5	2PQT	Apo structure	3LTW_A	align	HLZ	-
2.3.1.8	7T85	Apo structure	-	-	-	-
2.3.1.82	5F47	Apo structure	-	-	-	-
2.4.1.10	1OYG	Apo structure	-	-	-	-
2.4.1.19	4JCL	Apo structure	-	-	-	-
2.4.1.221	4AP5	Apo structure	4AP6_A	align	GFB	-
2.4.1.25	2X1I	Apo structure	1LWJ_A	super	ACG	-
2.4.1.269	2BO4	Apo structure	2Y4M_A	align	GDX	-
2.4.1.320	3EHM	Apo structure	-	-	-	-
2.4.1.329	6S9U	Apo structure	-	-	-	-
2.4.1.329	6S9V	Apo structure	-	-	-	-
2.4.1.36	5LQD	Apo structure	5JIO_A	align	G6P	ADP
2.4.1.384	6KQW	Apo structure	6KQX_A	align	UDP	-
2.4.2.3	5CYF	Apo structure	4TXL_A	align	URA	-
2.4.3.1	4MPS	Apo structure	6QVT_A	align	NCC	-
2.5.1.111	2XM5	Apo structure	2XLQ_A	align	34H	-
2.5.1.18	6J3G	Apo structure	1R5A_A	super	GTS	-
2.5.1.34	3I4Z	Apo structure	3I4X_A	align	TRP	DST
2.5.1.54	3PG8	Apo structure	3PFP_A	super	35	-
2.5.1.7	1EJD	Apo structure	3KR6_A	align	FFQ	UD1
2.6.1.123	4GRH	Apo structure	-	-	-	-
2.7.1.165	1X3L	Apo structure	-	-	-	-
2.7.1.2	7S2H	Apo structure	6DA0_A	super	BGC	ANP
2.7.1.2	6R2N	Apo structure	6DA0_A	super	BGC	ANP
2.7.1.235	6DFL	Apo structure	-	-	-	-
2.7.1.30	6K79	Apo structure	6K79_A	align	GOL	-
2.7.1.32	4R78	Apo structure	3C5I_A	super	CHT	-
2.7.1.40	6SU1	Apo structure	1PKN_A	align	PYR	-
2.7.1.64	3W4S	Apo structure	-	-	-	-
2.7.10.3	5OAV	Apo structure	3OEZ_A	super	STI	-
2.7.11.17	2V7O	Apo structure	2V7O_A	align	DRN	-
2.7.11.17	3GP2	Apo structure	6M7H_A	align	KN9	-
2.7.11.17	6X5G	Apo structure	6M7H_A	align	KN9	-
2.7.11.19	1PHK	Apo structure	1PHK_A	align	ATP	-
2.7.11.21	4X9R	Apo structure	-	-	-	-
2.7.4.1	3RHF	Apo structure	5LL0_A	align	9PI	-
2.7.4.22	4A7W	Apo structure	2J4J_A	align	U5P	ACP
2.7.4.33	3CZP	Apo structure	5LL0_A	align	9PI	-
2.7.7.4	1M8P	Apo structure	1I2D_A	align	ADX	-
2.7.7.75	1UUY	Apo structure	1UUY_A	align	MTE	AMP
2.7.7.77	1E5K	Apo structure	-	-	-	-
2.7.7.84	1PX5	Apo structure	-	-	-	-
2.7.8.7	5VBX	Apo structure	2WDO_A	align	ACO	-
3.1.1.117	6HSW	Apo structure	6SYR_A	align	GCU	-
3.1.1.117	3PIC	Apo structure	6SYR_A	align	GCU	-
3.1.1.117	4G4G	Apo structure	6SYR_A	align	GCU	-
3.1.1.20	4J0D	Apo structure	4J0H_A	align	GDE	-
3.1.1.23	3RM3	Apo structure	-	-	-	-
3.1.1.6	4KRX	Apo structure	-	-	-	-
3.1.1.73	4ZRS	Apo structure	7XRI_A	align	ZYC	-
3.1.1.74	5LUI	Apo structure	6AID_A	align	9YL	-
3.1.1.74	7QJS	Apo structure	6AID_A	align	9YL	-
3.1.1.74	4OYL	Apo structure	6AID_A	align	9YL	-
3.1.1.81	6N9I	Apo structure	6N9Q_P	align	HL4	-
3.1.1.81	6CGY	Apo structure	6N9Q_P	align	HL4	-
3.1.2.32	2VW8	Apo structure	2Q0I_A	align	BEZ	-
3.1.2.6	2QED	Apo structure	6S0I_A	align	TLA	-
3.1.2.6	1XM8	Apo structure	6S0I_A	align	TLA	-
3.1.3.103	3E8M	Apo structure	-	-	-	-
3.1.3.108	6B62	Apo structure	1LBX_A	align	IPD	-
1.13.11.40	3FG1	Apo structure	3V99_A	align	ACD	-
1.7.3.3	6OE8	Apo structure	2YZB_A	align	URC	-
2.7.10.3	3DQW	Apo structure	4YBJ_A	align	4A9	-
2.7.7.65	4ZVC	Apo structure	-	-	-	-
3.5.3.15	4N24	Apo structure	8GOD_A	align	K3X	-
3.1.3.11	3ROJ	Apo structure	3RPL_A	align	FBP	AMP
3.1.3.11	6AYY	Apo structure	3RPL_A	align	FBP	AMP
3.1.3.12	5E0O	Apo structure	6UPC_A	super	T6S	-
3.1.3.18	1L6R	Apo structure	7POE_A	super	7VK	-
3.1.3.2	5UQ6	Apo structure	6HWR_A	super	H1Q	-
3.1.3.25	6IB8	Apo structure	-	-	-	-
3.1.3.26	2GFI	Apo structure	4TSR_A	super	IHS	-
3.1.3.3	4AP9	Apo structure	8Q4S_A	align	E7P	-
3.1.3.48	7F5O	Apo structure	7UAD_A	align	M5R	-
3.1.3.48	2YD6	Apo structure	-	-	-	-
3.1.3.48	3D42	Apo structure	7UAD_A	align	M5R	-
3.1.3.48	1ZZW	Apo structure	7UAD_A	super	M5R	-
3.1.3.5	3PDW	Apo structure	-	-	-	-
3.1.3.5	2JC9	Apo structure	2XCW_A	align	IMP	ATP
3.1.3.5	2G09	Apo structure	3OPX_A	super	U5P	-
3.1.3.74	2OYC	Apo structure	2P69_A	align	PLP	-
3.1.3.75	4AS2	Apo structure	-	-	-	-
3.1.3.86	5OKP	Apo structure	4A9C_B	align	B5F	-
3.1.4.1	1S3L	Apo structure	-	-	-	-
3.1.4.12	5EBB	Apo structure	5FCB_A	align	AMP	-
3.1.4.17	5O58	Apo structure	5O4Z_A	align	A	-
3.1.4.37	5AE0	Apo structure	2YDD_A	align	2AM	-
3.1.4.55	3G1P	Apo structure	-	-	-	-
3.1.8.2	3O4P	Apo structure	2GVV_A	align	DI9	-
3.2.1.1	5U3A	Apo structure	7TAA_A	align	ABC	-
3.2.1.1	1DHK	Apo structure	7TAA_A	align	ABC	-
3.2.1.100	6BYC	Apo structure	6BYE_B	align	BMA	-
3.2.1.130	4ACY	Apo structure	4AD2_A	align	GLC,IFM	-
3.2.1.14	5GZT	Apo structure	-	-	-	-
3.2.1.14	6EPB	Apo structure	1FFQ_A	align	AMI	-
3.2.1.142	4AIO	Apo structure	-	-	-	-
3.2.1.147	7Z1I	Apo structure	1E70_M	align	G2F	-
3.2.1.169	5UN8	Apo structure	5UN9_A	align	NHT	-
3.2.1.176	4ZZV	Apo structure	4UWT_A	align	NPO	-
3.2.1.176	4ZZP	Apo structure	4UWT_A	align	NPO	-
3.2.1.176	4XEB	Apo structure	4UWT_A	align	NPO	-
3.2.1.176	5W11	Apo structure	4UWT_A	align	NPO	-
3.2.1.176	4ZZQ	Apo structure	4UWT_A	align	NPO	-
3.2.1.176	2RFW	Apo structure	4UWT_A	align	NPO	-
3.2.1.176	3PFZ	Apo structure	4UWT_A	align	NPO	-
3.2.1.176	2YOK	Apo structure	4UWT_A	align	NPO	-
3.2.1.177	2XVL	Apo structure	7KNC_A	align	XYS	-
3.2.1.179	1VD5	Apo structure	-	-	-	-
3.2.1.180	3WUX	Apo structure	-	-	-	-
3.2.1.205	5Z3A	Apo structure	5Z3F_A	align	BGC	-
3.2.1.21	5CG0	Apo structure	2CEQ_A	align	GIM	-
3.2.1.21	5JU6	Apo structure	-	-	-	-
3.2.1.22	3LRK	Apo structure	-	-	-	-
3.2.1.23	3OBA	Apo structure	6TSH_A	align	DGJ	-
3.2.1.37	7XTJ	Apo structure	7VC7_A	align	XYP	-
5.6.2.2	5NNE	Apo structure	5XHY_A	align	8FC	-
6.1.1.10	3H9C	Apo structure	-	-	-	-
6.1.1.17	2HRA	Apo structure	-	-	-	-
6.1.1.18	4H3S	Apo structure	-	-	-	-
6.2.1.16	4WD1	Apo structure	-	-	-	-
6.2.1.2	3ETC	Apo structure	-	-	-	-
6.2.1.64	6DC6	Apo structure	-	-	-	-
6.3.2.1	1IHO	Apo structure	1N2J_A	align	PAF	-
6.3.4.2	1S1M	Apo structure	-	-	-	-
1.14.12.22	7BUG	Apo structure	6LL0_A	align	9CA	-
2.7.7.65	4URG	Apo structure	4URG_A	align	C2E	-
3.5.1.1	4RA9	Apo structure	6V5F_A	align	ASP	-
3.8.1.8	4V1X	Apo structure	3LSB_A	align	RYN	-
3.9.1.3	2HW4	Apo structure	-	-	-	-
4.1.1.116	6N2H	Apo structure	8D5R_A	align	ORX	-
4.1.1.48	4FB7	Apo structure	1JCM_P	align	137	-
4.1.2.10	6KFA	Apo structure	6KFB_A	align	SCN	-
4.1.2.47	3WWP	Apo structure	2YAS_A	align	SCN	-
4.1.3.1	6G1O	Apo structure	3P0X_A	align	ICT	-
4.1.3.16	3S5O	Apo structure	-	-	-	-
4.1.3.3	4IMC	Apo structure	4IMG_A	align	NGF	-
4.1.99.5	4RC8	Apo structure	5K52_A	align	OCD	-
4.1.99.5	4RC7	Apo structure	5K52_A	align	OCD	-
4.2.1.1	6IM1	Apo structure	8DPO_A	align	AZM	-
4.2.1.1	5SWC	Apo structure	6D2J_A	align	SCN	-
4.2.1.10	6HSU	Apo structure	1J2Y_A	align	DQA	-
4.2.1.10	6HSA	Apo structure	1J2Y_A	align	DQA	-
4.2.1.10	4CNN	Apo structure	4CNO_A	align	9PY	-
4.2.1.103	3NON	Apo structure	6UND_A	align	QCV	-
4.2.1.106	4L8O	Apo structure	-	-	-	-
4.2.1.106	4L8P	Apo structure	-	-	-	-
4.2.1.108	5BY5	Apo structure	5ONN_A	align	9YT	-
4.2.1.130	4QYT	Apo structure	6AFC_A	align	72R	-
4.2.1.24	2C15	Apo structure	1I8J_A	align	DSB	-
4.2.1.40	1EC7	Apo structure	1JDF_A	align	GLR	-
4.2.1.41	4UR7	Apo structure	4UR8_A	align	OOG	-
4.2.1.53	5ODO	Apo structure	-	-	-	-
4.2.1.95	7A0Q	Apo structure	-	-	-	-
4.2.1.96	4C45	Apo structure	-	-	-	-
4.2.2.19	1DBG	Apo structure	-	-	-	-
4.2.2.2	5AMV	Apo structure	4Z03_A	super	ADA	-
4.2.3.3	2X8W	Apo structure	1EGH_A	align	PGA	-
4.2.3.3	1B93	Apo structure	1EGH_A	align	PGA	-
4.2.3.6	1JFA	Apo structure	1YYR_A	align	SAZ	-
4.3.1.15	5YGR	Apo structure	4D9M_A	align	0JO	-
4.3.1.2	1KCZ	Apo structure	-	-	-	-
4.3.1.24	1W27	Apo structure	9EQ5_A	align	PPH	-
4.3.1.29	7LCE	Apo structure	-	-	-	-
4.3.2.1	6IEM	Apo structure	6IEN_A	align	AS1	-
4.3.2.10	1JVN	Apo structure	-	-	-	-
4.6.1.18	1DZA	Apo structure	2QCA_A	align	DGP	-
5.1.1.1	4LUS	Apo structure	1BD0_A	align	IN5	-
5.1.1.7	3FVE	Apo structure	2GKJ_A	align	ZDR	-
5.1.3.14	6VLB	Apo structure	4ZHT_A	super	UDP	-
5.3.1.1	1TPF	Apo structure	1LZO_B	align	PGA	-
5.3.1.1	2JGQ	Apo structure	1BTM_A	align	PGA	-
5.3.1.1	3TA6	Apo structure	1BTM_A	align	PGA	-
5.3.1.1	4YWI	Apo structure	1LZO_B	align	PGA	-
5.3.1.1	4MKN	Apo structure	1LZO_B	align	PGA	-
5.3.1.29	3A11	Apo structure	3A9C_A	align	RUB	-
5.3.3.8	1XX4	Apo structure	-	-	-	-
5.3.99.2	5WY9	Apo structure	4ZDC_A	super	CO8	-
5.4.2.7	3OT9	Apo structure	3M8Z_A	align	HSX	-
5.4.4.2	3BZM	Apo structure	5JZD_A	align	ISC	-
5.4.99.5	5W6Y	Apo structure	3CSM_A	align	TSA	-
5.4.99.5	4PPU	Apo structure	3CSM_A	align	TSA	-
5.4.99.5	2GBB	Apo structure	3CSM_A	align	TSA	-
5.4.99.5	1UFY	Apo structure	8PNH_A	super	TSA	-
3.2.1.4	1EG1	Apo structure	4OVW_A	align	IN1	-
3.2.1.4	4TUF	Apo structure	1W3K_A	super	BGC,OXZ	-
3.2.1.4	3VGI	Apo structure	-	-	-	-
3.2.1.40	6I60	Apo structure	3W5N_A	align	RAM	-
3.2.1.40	6GSZ	Apo structure	-	-	-	-
3.2.1.40	3CIH	Apo structure	3W5N_A	align	RAM	-
3.2.1.73	5XD0	Apo structure	-	-	-	-
3.2.1.73	7EFZ	Apo structure	1W3K_A	super	BGC,OXZ	-
3.2.1.78	1QNP	Apo structure	-	-	-	-
3.2.1.94	5AWO	Apo structure	-	-	-	-
3.2.2.1	3T8I	Apo structure	1YOE_A	align	RIB	-
3.2.2.26	6AYM	Apo structure	3NM5_A	align	FMC	-
3.3.2.8	1NWW	Apo structure	1NU3_A	align	VPR	-
3.4.11.26	6A9U	Apo structure	-	-	-	-
3.4.11.6	6EA4	Apo structure	5J6S_A	align	6GA	-
3.4.11.9	3CTZ	Apo structure	-	-	-	-
3.4.13.20	3DLJ	Apo structure	-	-	-	-
3.4.13.9	5FCF	Apo structure	-	-	-	-
3.4.14.2	4EBB	Apo structure	-	-	-	-
3.4.14.4	5EHH	Apo structure	-	-	-	-
3.4.14.9	3EDY	Apo structure	-	-	-	-
3.4.17.19	3DWC	Apo structure	-	-	-	-
3.4.17.20	3DGV	Apo structure	3D67_A	align	GEM	-
3.4.19.5	1ONW	Apo structure	1POJ_A	align	AE1	-
3.4.21.69	3JTC	Apo structure	-	-	-	-
3.4.21.83	8ONO	Apo structure	7YWP_A	align	TCK	-
3.4.21.91	8AQK	Apo structure	6KK2_B	align	D9U	-
3.4.22.40	7V5S	Apo structure	-	-	-	-
3.4.22.59	3OD5	Apo structure	-	-	-	-
3.4.24.56	3CWW	Apo structure	4NXO_A	align	2H7	-
3.5.1.1	4O0C	Apo structure	4O0H_A	align	IAS	-
3.5.1.1	5B74	Apo structure	6V5F_A	align	ASP	-
3.5.1.11	2PVA	Apo structure	2Z71_A	align	PNV	-
3.5.1.124	5SY6	Apo structure	6AFC_A	align	72R	-
3.5.1.18	4ONW	Apo structure	5VO3_A	align	API,SIN	-
3.5.1.2	5JYO	Apo structure	4O7D_A	align	ONL	-
3.5.1.84	5BK6	Apo structure	6XJM_A	align	C5J	-
3.5.1.88	3E3U	Apo structure	8OFE_A	align	VLK	-
3.5.1.88	1Y6H	Apo structure	8OFE_A	align	VLK	-
3.5.1.9	4COG	Apo structure	4CZ1_A	align	VNJ	-
3.5.1.9	4CO9	Apo structure	4CZ1_A	align	VNJ	-
3.5.2.15	4BVQ	Apo structure	6BUP_B	align	WDL	-
3.5.2.20	5NNA	Apo structure	5NNB_A	align	92K	-
3.5.2.6	5NJ2	Apo structure	4EBN_B	align	AXL	-
3.5.2.6	5EOO	Apo structure	5EPH_A	align	ID1	-
3.5.2.6	4IED	Apo structure	-	-	-	-
3.5.2.6	2ZJ9	Apo structure	3BLS_A	align	APB	-
3.5.2.6	6R79	Apo structure	6R73_A	align	LMP	-
3.5.2.6	2WHG	Apo structure	-	-	-	-
3.5.3.1	2CEV	Apo structure	3CEV_A	align	ARG	-
3.5.3.15	7DAN	Apo structure	7D56_A	align	BFB	-
3.5.3.15	4N25	Apo structure	8GOD_A	align	K3X	-
3.5.3.18	7UT0	Apo structure	3I4A_A	align	LN5	-
3.5.4.12	7FH9	Apo structure	7FH4_A	align	DCP,DCM	-
3.5.4.16	5K9G	Apo structure	5K95_B	align	8GT	-
3.5.4.3	6OH9	Apo structure	6OHA_A	align	XAN	-
3.6.1.1	3QXG	Apo structure	-	-	-	-
3.6.1.1	5LS0	Apo structure	-	-	-	-
3.6.1.13	2NXF	Apo structure	-	-	-	-
3.6.1.17	5CFJ	Apo structure	3I7V_A	align	ATP	-
3.6.1.17	3I7U	Apo structure	3I7V_A	align	ATP	-
3.6.1.23	1EUW	Apo structure	5ECT_A	align	DUP	-
3.6.1.27	6CB2	Apo structure	-	-	-	-
3.6.1.5	3ZX3	Apo structure	4KH4_A	super	ANP	-
3.6.1.60	3MCF	Apo structure	2FVV_A	align	IHP	-
3.6.1.67	5WWD	Apo structure	5GP0_A	align	GPP	-
3.6.1.7	4HI1	Apo structure	1GXU_A	align	2HP	-
3.6.1.7	1W2I	Apo structure	1GXU_A	align	2HP	-
3.6.4.13	4U4C	Apo structure	-	-	-	-
3.7.1.23	6JVV	Apo structure	6JVW_A	align	PYR	-
1.1.1.14	5ITG	Apo structure	5JO9_A	super	SOR	-
1.1.1.86	5YEQ	Apo structure	4XDZ_A	align	40E	NDP
1.10.3.2	2Q9O	Apo structure	-	-	-	-
1.10.3.2	3OD3	Apo structure	-	-	-	-
1.10.3.2	1GYC	Apo structure	-	-	-	-
1.11.1.27	5B6N	Apo structure	4K7I_A	align	CAQ	-
1.11.1.27	1NM3	Apo structure	4K7I_A	align	CAQ	-
1.11.1.7	2N0M	Apo structure	-	-	-	-
1.13.11.20	2Q4S	Apo structure	4PIZ_A	align	HCS	-
1.13.11.31	3D3L	Apo structure	-	-	-	-
1.13.11.4	2D40	Apo structure	3NL1_A	align	GTQ	-
1.13.11.66	4HUZ	Apo structure	-	-	-	-
1.13.11.72	3G7D	Apo structure	3GBF_A	align	2HE	-
1.13.12.7	3QYA	Apo structure	3IES_A	align	M24	-
1.14.11.2	2YQ8	Apo structure	-	-	-	-
1.14.11.55	3EMR	Apo structure	4Q5O_A	align	6CS	AKG
1.14.13.236	3GE3	Apo structure	3Q3O_A	align	IPH	-
1.14.16.2	4J6S	Apo structure	-	-	-	-
1.14.17.3	5WKW	Apo structure	1OPM_A	align	IYG	-
1.14.18.1	2Y9W	Apo structure	6JU7_A	align	TYR	-
1.14.19.59	7AQU	Apo structure	-	-	-	-
1.14.99.1	6Y3C	Apo structure	1EQG_A	align	IBP	HEM
1.14.99.50	6QKI	Apo structure	4X8E_A	align	AVJ	-
1.16.3.1	4ENZ	Apo structure	-	-	-	-
1.17.1.8	5KTL	Apo structure	3DI1_A	align	PYR	-
1.2.1.3	6QAP	Apo structure	5AC2_A	align	K9P	TXE
1.3.1.12	5V0S	Apo structure	3GGG_A	super	TYR	NAD
1.3.1.9	3S8M	Apo structure	1UH5_A	super	TCL	NAD
1.3.3.5	1W6L	Apo structure	-	-	-	-
1.3.3.5	2WSD	Apo structure	-	-	-	-
1.3.3.5	6IQZ	Apo structure	-	-	-	-
1.4.1.16	3BIO	Apo structure	-	-	-	-
1.4.1.2	3K92	Apo structure	8KAO_C	align	69O	NAD
1.4.1.4	4BHT	Apo structure	8KAO_C	align	69O	NAD
1.4.3.20	3WEU	Apo structure	3WEV_A	align	LYS	-
1.5.98.1	1QV9	Apo structure	-	-	-	-
1.7.2.1	4YSE	Apo structure	3X1N_A	align	NO2	-
1.8.1.8	5CAX	Apo structure	-	-	-	-
1.8.5.1	7F8S	Apo structure	5D9W_A	align	ASC	-
1.8.5.1	5IQY	Apo structure	5D9W_A	align	ASC	-
2.1.1.359	4IJD	Apo structure	-	-	-	-
2.1.1.37	1KHC	Apo structure	-	-	-	-
2.1.1.376	2QNE	Apo structure	3ROD_A	super	NCA	SAH
2.3.1.183	1YVO	Apo structure	-	-	-	-
2.3.1.271	3W6S	Apo structure	3W6X_A	align	HZP	-
2.3.1.30	1Y7L	Apo structure	2ECO_A	align	4MV	PLP
2.3.1.4	3T90	Apo structure	4AG9_A	align	16G	COA
2.3.1.43	5BV7	Apo structure	-	-	-	-
2.3.1.5	2PQT	Apo structure	-	-	-	-
2.3.1.64	7CYS	Apo structure	-	-	-	-
2.3.1.74	5UC5	Apo structure	1CGK_A	align	NAR	-
2.3.1.8	7T85	Apo structure	-	-	-	-
2.3.1.87	6T80	Apo structure	-	-	-	-
2.4.1.10	7EHR	Apo structure	-	-	-	-
2.4.1.17	2O6L	Apo structure	-	-	-	-
2.4.1.221	5UX6	Apo structure	5UXH_A	align	GFB	-
2.4.1.245	2XA1	Apo structure	-	-	-	-
2.4.1.333	5H3Z	Apo structure	-	-	-	-
2.4.1.68	6VLF	Apo structure	6VLD_A	align	ASN	GDP
2.4.3.1	6QVS	Apo structure	6QVT_A	align	NCC	-
2.4.99.20	8BYU	Apo structure	-	-	-	-
2.5.1.15	4NIR	Apo structure	4NIR_A	align	6DH	-
2.5.1.47	3TBH	Apo structure	3BM5_B	align	CYS	PLP
2.5.1.6	2YDY	Apo structure	-	-	-	-
2.6.1.83	3QGU	Apo structure	3EI5_A	align	PGU	-
2.7.1.107	6IIE	Apo structure	-	-	-	-
2.7.1.107	5ELQ	Apo structure	-	-	-	-
2.7.1.146	1U2X	Apo structure	-	-	-	-
2.7.1.23	3PFN	Apo structure	7N29_A	align	NAD	-
2.7.1.30	2W40	Apo structure	2W40_A	align	GOL	-
2.7.1.32	6YXS	Apo structure	3C5I_A	align	CHT	-
2.7.1.40	7FS3	Apo structure	3SRF_A	align	PYR	-
2.7.1.67	5NAS	Apo structure	-	-	-	-
2.7.1.8	6HWJ	Apo structure	6HWL_A	align	GCS	ADP
2.7.11.13	4DNL	Apo structure	1DSY_A	align	PSF	-
2.7.11.23	3JVL	Apo structure	5HXY_A	align	8FC	-
2.7.2.1	3SK3	Apo structure	1TUY_B	align	ACY	ADP
2.7.2.3	1FW8	Apo structure	1QPG_A	align	3PG	MAP
2.7.2.4	2CDQ	Apo structure	3TVI_A	super	ASP	-
2.7.3.3	5U8E	Apo structure	1M15_A	align	ARG	ADP
2.7.3.9	2HWG	Apo structure	2XZ7_A	align	PEP	-
2.7.4.22	3NWY	Apo structure	2JI5_A	align	UTP	-
2.7.4.3	1R0W	Apo structure	1Q3H_A	align	ANP	-
2.7.7.3	5JBN	Apo structure	1H1T_B	align	PNS	-
2.7.7.3	5X6F	Apo structure	1H1T_B	align	PNS	-
2.7.7.41	6IG4	Apo structure	-	-	-	-
2.7.7.49	2HB5	Apo structure	-	-	-	-
2.7.7.53	3ANO	Apo structure	-	-	-	-
2.7.7.7	3A2F	Apo structure	-	-	-	-
2.8.1.1	3AAY	Apo structure	-	-	-	-
2.8.1.2	1OKG	Apo structure	5WQJ_A	align	7N3	-
2.8.2.2	2Q3M	Apo structure	-	-	-	-
3.1.1.1	5A7F	Apo structure	2DR0_A	align	TCH	-
3.1.1.1	1JJI	Apo structure	2DR0_A	align	TCH	-
3.1.1.1	2RAU	Apo structure	2DR0_A	align	TCH	-
3.1.1.25	5VRK	Apo structure	-	-	-	-
3.1.1.34	6E7K	Apo structure	-	-	-	-
3.1.1.74	3QPD	Apo structure	1XZL_A	align	HEE	-
3.1.1.81	5EHT	Apo structure	4G9E_A	super	C4L	-
3.1.2.2	3HLK	Apo structure	-	-	-	-
3.1.2.20	3BJK	Apo structure	7CZ3_A	align	COA	-
3.1.2.20	1NJK	Apo structure	-	-	-	-
3.1.3.11	3BIG	Apo structure	1FJ6_A	super	F6P	-
3.1.3.2	3PPD	Apo structure	-	-	-	-
3.1.3.3	4IJ5	Apo structure	-	-	-	-
3.1.3.48	6D4F	Apo structure	-	-	-	-
3.1.3.58	3KBB	Apo structure	1Z4O_A	align	GL1	-
3.1.4.17	3IB7	Apo structure	-	-	-	-
3.1.6.1	1HDH	Apo structure	-	-	-	-
3.1.6.2	8EG3	Apo structure	-	-	-	-
3.2.1.176	5TC9	Apo structure	-	-	-	-
3.2.1.20	5NN4	Apo structure	5NN5_A	align	NOJ	-
3.2.1.207	8D43	Apo structure	5H9O_A	align	GLC	-
3.2.1.21	3VII	Apo structure	4PTX_A	align	BGC	-
3.2.1.31	3HN3	Apo structure	6BJQ_A	align	BDP	-
3.2.1.50	4A3Z	Apo structure	-	-	-	-
3.2.1.63	2EAB	Apo structure	-	-	-	-
3.2.1.74	3AHX	Apo structure	4PTX_A	align	BGC	-
3.2.1.80	1Y4W	Apo structure	1Y9G_A	align	FRU	-
3.2.1.91	4I5U	Apo structure	-	-	-	-
3.2.1.97	3ECQ	Apo structure	-	-	-	-
3.4.11.1	1LAM	Apo structure	1LAN_A	align	LEU	-
3.4.11.10	2PRQ	Apo structure	-	-	-	-
3.4.11.23	6OAD	Apo structure	-	-	-	-
3.4.13.9	5CIK	Apo structure	-	-	-	-
3.4.17.3	2NSM	Apo structure	-	-	-	-
3.4.21.76	1FUJ	Apo structure	-	-	-	-
3.5.1.103	1Q74	Apo structure	4EWL_A	align	ACT	-
3.5.1.105	3WE7	Apo structure	8BGO_A	align	NAG	-
3.5.1.11	1GK9	Apo structure	1GM7_A	align	PNN	-
3.5.1.114	3NH4	Apo structure	3NFZ_A	align	3NF	-
3.5.1.13	4YJ6	Apo structure	4YJI_A	align	TYL	-
3.5.1.26	1APY	Apo structure	1APZ_D	align	ASP	-
3.5.1.4	2UXY	Apo structure	-	-	-	-
3.5.1.5	4GY7	Apo structure	1FWE_C	align	HAE	-
3.5.1.60	6DXW	Apo structure	6DY2_B	align	HJA	-
3.5.2.1	5HWE	Apo structure	-	-	-	-
3.5.2.3	2EG6	Apo structure	4YIW_A	align	NCD	-
3.5.2.6	5ZGZ	Apo structure	6EFJ_A	align	O5E	-
3.5.2.6	5ZGV	Apo structure	6EFJ_A	align	O5E	-
3.5.2.6	5KZH	Apo structure	5L2F_A	align	4J6	-
3.5.2.6	5B3R	Apo structure	-	-	-	-
3.5.2.6	2Y8B	Apo structure	8PJM_A	align	A1H7J	-
3.5.3.1	6NFP	Apo structure	1T5G_A	align	ARG	-
3.5.4.30	1PKH	Apo structure	1PKJ_B	align	DUT	-
3.5.4.9	4A5O	Apo structure	4B4V_A	align	L34	NAP
3.6.1.11	2QB7	Apo structure	-	-	-	-
3.6.1.29	1FIT	Apo structure	5FIT_A	align	AP2	-
3.6.1.54	5WLY	Apo structure	6PH9_A	align	LP5	-
3.6.1.9	6F2T	Apo structure	6F2V_A	align	AMP	-
3.6.4.13	3M5M	Apo structure	2OC1_A	align	HU2	-
4.1.1.21	3RG8	Apo structure	2NSJ_A	align	C2R	-
4.1.1.31	3ODM	Apo structure	-	-	-	-
4.1.1.32	2FAF	Apo structure	1KHF_A	align	PEP	-
4.1.1.33	1FI4	Apo structure	6N10_A	align	DP6	-
4.1.2.19	1GT7	Apo structure	-	-	-	-
4.1.2.47	3C6X	Apo structure	1YAS_A	align	HIS	-
4.1.2.51	4UXD	Apo structure	6H7S_A	align	FW2	-
4.2.1.22	5B1H	Apo structure	6VJU_A	align	HCS	PLP
4.2.1.79	1SZQ	Apo structure	-	-	-	-
4.2.1.91	3KBR	Apo structure	-	-	-	-
4.2.2.1	4D0Q	Apo structure	-	-	-	-
4.2.3.12	3I2B	Apo structure	2DTT_A	align	H4B	-
4.2.3.13	3G4D	Apo structure	3G4F_A	align	FPF	-
4.3.1.17	4H27	Apo structure	-	-	-	-
4.3.1.19	3IAU	Apo structure	-	-	-	-
4.3.2.9	2I5T	Apo structure	-	-	-	-
4.3.3.7	3CPR	Apo structure	-	-	-	-
4.3.3.7	1O5K	Apo structure	-	-	-	-
4.4.1.36	5UTS	Apo structure	5V1X_A	align	8VV	-
4.4.1.5	2C21	Apo structure	1FRO_A	align	GSB	-
4.4.1.5	3HNQ	Apo structure	-	-	-	-
4.6.1.18	6ETK	Apo structure	-	-	-	-
5.1.1.13	5B19	Apo structure	5WXY_A	align	ASP	-
5.1.3.11	5ZIG	Apo structure	-	-	-	-
5.1.3.11	4Z4J	Apo structure	-	-	-	-
5.1.3.19	6HZN	Apo structure	-	-	-	-
5.3.1.1	4O57	Apo structure	1NEY_A	align	13P	-
5.4.2.12	7KNF	Apo structure	-	-	-	-
5.4.2.12	3KD8	Apo structure	1EJJ_A	super	3PG	-
5.4.2.2	5BMN	Apo structure	6MNV_A	align	JVS	-
5.4.2.6	4G9B	Apo structure	2WF5_A	align	BG6	-
5.4.2.6	4UW9	Apo structure	2WF5_A	align	BG6	-
5.4.99.11	4HOX	Apo structure	4HOZ_A	align	GLC	-
5.4.99.11	1ZJA	Apo structure	4H7V_A	align	GLC	-
5.5.1.6	4C9T	Apo structure	8B7R_A	align	Q0X	-
6.3.4.19	1NI5	Apo structure	-	-	-	-
6.4.1.2	3COJ	Apo structure	-	-	-	-
1.1.1.1	1RJW	Apo structure	-	-	-	-
1.13.11.1	2XSR	Apo structure	1DLT_A	align	CAQ	-
1.14.16.2	6ZZU	Apo structure	7PIM_A	align	LDP	-
2.3.1.30	1SSM	Apo structure	1SSQ_A	align	CYS	-
2.4.1.102	2GAK	Apo structure	-	-	-	-
2.5.1.55	3FYP	Apo structure	-	-	-	-
2.7.1.147	4B8R	Apo structure	4B8S_A	align	GLC	AMP
3.1.3.82	3L8E	Apo structure	-	-	-	-
3.1.3.89	2PAQ	Apo structure	-	-	-	-
3.1.8.1	1HZY	Apo structure	-	-	-	-
3.5.1.93	1OR0	Apo structure	-	-	-	-
3.6.1.28	3BHD	Apo structure	-	-	-	-
4.1.1.2	1J58	Apo structure	-	-	-	-
5.3.1.9	1J3Q	Apo structure	-	-	-	-
5.4.2.2	4MRQ	Apo structure	-	-	-	-
1.1.1.203	6MFH	Apo structure	3RFV_A	align	15L	NAI
1.1.1.305	4WKG	Apo structure	2BLN_A	align	FON	U5P
1.14.16.2	7A2G	Apo structure	-	-	-	-
1.14.16.4	4V06	Apo structure	-	-	-	-
1.17.1.9	2J6I	Apo structure	-	-	-	-
2.7.7.49	4XPC	Apo structure	-	-	-	-
3.1.3.48	1V73	Apo structure	-	-	-	-
3.2.1.1	1HT6	Apo structure	-	-	-	-
3.2.1.39	2VY0	Apo structure	-	-	-	-
3.2.1.51	7PLS	Apo structure	-	-	-	-
3.2.1.73	1MVE	Apo structure	-	-	-	-
3.5.1.2	1U60	Apo structure	-	-	-	-
5.3.1.9	1IAT	Apo structure	1HOX_A	align	F6P	-
1.1.1.184	3CTM	Apo structure	1CYD_A	align	IPA	NDP
1.1.1.350	1XRH	Apo structure	4FJU_A	align	GLV	NAI
1.1.1.408	2HI1	Apo structure	-	-	-	-
1.1.2.7	5SV6	Apo structure	-	-	-	-
1.10.3.2	4N8U	Apo structure	7Y8C_B	super	IJV	-
1.11.1.24	4XS4	Apo structure	-	-	-	-
1.11.1.28	1GU9	Apo structure	-	-	-	-
1.11.1.28	2BMX	Apo structure	-	-	-	-
1.13.11.18	4CHL	Apo structure	-	-	-	-
1.13.11.47	3IBT	Apo structure	-	-	-	-
1.13.11.55	2CB2	Apo structure	-	-	-	-
1.14.11.45	6LNH	Apo structure	-	-	-	-
1.14.11.61	4XAE	Apo structure	-	-	-	-
1.14.13.179	6ICL	Apo structure	-	-	-	-
1.14.15.30	2ZYL	Apo structure	4QCK_A	align	ASD	-
1.14.16.1	1PHZ	Apo structure	6PAH_A	align	DAH	-
1.14.18.1	5CE9	Apo structure	6JU7_A	super	TYR	-
1.14.18.1	5M6B	Apo structure	6JU7_A	super	TYR	-
1.3.1.48	1VJ1	Apo structure	-	-	-	-
1.5.1.5	5O28	Apo structure	5O22_A	align	C3R	-
1.8.4.11	4LWL	Apo structure	4LWM_A	align	MHO	-
1.8.4.2	7NCV	Apo structure	-	-	-	-
2.1.1.5	1UMY	Apo structure	4M3P_A	align	HCS	-
2.3.1.274	1VI1	Apo structure	-	-	-	-
2.3.3.1	5UZQ	Apo structure	8GR9_A	align	OAA	COA
2.3.3.14	3IVS	Apo structure	3IVT_A	align	AKG	-
2.4.1.288	4FIX	Apo structure	-	-	-	-
2.4.1.4	3UCQ	Apo structure	1S46_A	align	BGC	-
2.4.1.4	1G5A	Apo structure	1S46_A	align	BGC	-
2.4.2.12	2GVL	Apo structure	4O0Z_A	align	2RM	-
2.5.1.18	4F03	Apo structure	-	-	-	-
2.6.1.5	1BW0	Apo structure	-	-	-	-
2.7.1.130	4EHX	Apo structure	4LKV_A	align	LP4,LP5	-
2.7.1.165	2B8N	Apo structure	-	-	-	-
2.7.7.71	5XHW	Apo structure	-	-	-	-
2.8.4.2	3RH0	Apo structure	8P5N_A	align	ART	-
2.8.4.6	3JZV	Apo structure	-	-	-	-
3.1.1.1	2ZYR	Apo structure	2ZYH_A	align	R16	-
3.1.1.104	3OVG	Apo structure	6SJ2_A	super	3HA	-
3.1.1.2	4G2D	Apo structure	-	-	-	-
3.1.1.32	4HYQ	Apo structure	-	-	-	-
3.1.3.1	2W5V	Apo structure	1EW8_A	align	PAE	-
3.1.3.11	2GQ1	Apo structure	6AYU_A	super	F6P	-
3.1.3.11	3F3K	Apo structure	3LL4_A	align	2FP	-
3.1.3.15	5EQ7	Apo structure	5EQ8_A	align	HSO	-
3.1.3.18	4BKM	Apo structure	7POE_A	align	7VK	-
3.1.3.48	3D44	Apo structure	-	-	-	-
3.1.3.52	4DA1	Apo structure	-	-	-	-
3.1.3.82	2O2X	Apo structure	-	-	-	-
3.1.3.89	5YOX	Apo structure	-	-	-	-
3.1.3.92	3GYG	Apo structure	-	-	-	-
3.1.4.41	1XX1	Apo structure	-	-	-	-
3.1.4.52	3SY8	Apo structure	-	-	-	-
3.1.4.59	4LS9	Apo structure	5IUF_A	super	A3P	-
3.2.1.114	2WYH	Apo structure	2WYI_A	align	SWA	-
3.2.1.133	4CMR	Apo structure	-	-	-	-
3.2.1.18	4BBW	Apo structure	1DIM_A	align	EQP	-
3.2.1.26	5Z73	Apo structure	-	-	-	-
3.2.1.4	5E09	Apo structure	-	-	-	-
3.2.1.4	3QXF	Apo structure	-	-	-	-
3.2.1.40	6Q2F	Apo structure	-	-	-	-
3.2.1.51	2VMI	Apo structure	2VMG_A	align	MBG	-
3.2.1.55	5A8C	Apo structure	3WN0_A	super	FUB	-
3.2.1.55	4N4B	Apo structure	3WN0_A	super	FUB	-
3.2.1.55	3WMY	Apo structure	3WN0_A	super	FUB	-
3.2.1.83	1DYP	Apo structure	5OCQ_A	align	G4S,9RN	-
3.2.2.1	5MJ7	Apo structure	8DB8_B	align	IMH	-
3.4.11.9	5CDL	Apo structure	-	-	-	-
3.4.21.26	3IUJ	Apo structure	6JCI_A	super	BKO	-
3.4.22.2	2CIO	Apo structure	2PAD_A	align	CYS	-
3.5.1.107	3UAO	Apo structure	-	-	-	-
3.5.1.131	6C62	Apo structure	-	-	-	-
3.5.1.19	3V8E	Apo structure	2WTA_A	align	VGL	-
3.5.1.24	5HKE	Apo structure	7SVF_A	align	TAU	-
3.5.1.6	6FTQ	Apo structure	-	-	-	-
3.5.1.9	1VKH	Apo structure	1YCD_A	align	LI5	-
3.5.2.2	1K1D	Apo structure	-	-	-	-
3.5.3.6	1RXX	Apo structure	2A9G_A	align	ARG	-
3.5.99.8	5K8M	Apo structure	5K8N_A	align	6R6	-
3.6.1.57	3HBM	Apo structure	3HBN_A	align	UDP	-
3.7.1.24	3HWP	Apo structure	-	-	-	-
3.9.1.2	4PIC	Apo structure	-	-	-	-
4.1.1.4	3BGT	Apo structure	3BH3_A	align	PNH	-
4.1.2.17	1FUA	Apo structure	4FUA_A	align	PGH	-
4.1.2.42	7YQA	Apo structure	-	-	-	-
4.1.99.1	5D8G	Apo structure	8SL7_A	super	BY3	-
4.2.1.106	4LEH	Apo structure	-	-	-	-
4.2.1.113	2OPJ	Apo structure	1SJA_A	align	AME	-
4.2.1.130	1N57	Apo structure	-	-	-	-
4.2.1.130	1QVV	Apo structure	-	-	-	-
4.2.1.148	4E3E	Apo structure	-	-	-	-
4.2.1.2	5UPP	Apo structure	3GTD_A	align	MLI	-
4.2.3.108	2J5C	Apo structure	-	-	-	-
4.3.1.15	4D9I	Apo structure	4D9M_A	align	0JO	-
4.3.1.17	2IQQ	Apo structure	-	-	-	-
4.3.1.18	6LUT	Apo structure	2ZR8_A	align	SER	PDD
4.3.1.25	1Y2M	Apo structure	6F6T_A	align	CV2	-
4.4.1.11	3ACZ	Apo structure	3JWB_A	align	NLE	-
4.4.1.11	4U1T	Apo structure	3JWB_A	align	NLE	-
4.4.1.11	6LXU	Apo structure	3JWB_A	align	NLE	-
4.4.1.21	1IE0	Apo structure	1J6X_A	align	MET	-
4.4.1.3	5XKY	Apo structure	8HLE_A	align	LNI	-
4.4.1.3	5CU1	Apo structure	8HLE_A	align	LNI	-
5.1.1.5	4DZA	Apo structure	-	-	-	-
5.2.1.1	2XEC	Apo structure	2XED_A	align	SIN	-
5.3.1.1	3QSR	Apo structure	1LZO_B	align	PGA	-
5.3.1.1	2V5B	Apo structure	1LZO_B	align	PGA	-
5.3.1.1	2I9E	Apo structure	1LZO_B	align	PGA	-
5.3.1.6	1O1X	Apo structure	3HEE_A	align	R5P	-
5.3.3.8	2F6Q	Apo structure	4ZDC_A	align	CO8	-
5.3.3.8	4ZDF	Apo structure	4ZDC_A	align	CO8	-
5.4.99.18	1QCZ	Apo structure	4Z7J_A	align	RP5	-
5.6.2.3	1T15	Apo structure	-	-	-	-
6.3.2.4	3LWB	Apo structure	2YZM_A	align	DAL	-
6.3.4.22	5XOB	Apo structure	6AGG_Z	align	AG2	ACP
3.1.1.45	1DIN	Apo structure	-	-	-	-
3.1.3.11	3LG2	Apo structure	3LL4_A	align	2FP	-
3.2.1.96	2W91	Apo structure	2W92_A	align	NGT	-
4.1.2.17	2FUA	Apo structure	4FUA_A	align	PGH	-
4.2.1.96	1F93	Apo structure	-	-	-	-
2.4.1.10	7EHR	Apo structure	4D47_A	align	GLC,FRU	-
