Omitted_ligand	Mol_ID
DNA with apurinic site	273
DNA-N1-methyladenine	845
N3-methylthymine in single-stranded DNA	857
DNA	1802
unmethylated 30-mer DNA containing cytosine	1805
relaxed circular pRW 3602 DNA containing cytosine	1806
linear pRW 3602 DNA containing cytosine	1807
supercoiled pRW 3602 DNA containing cytosine	1808
mononucleosomal DNA containing cytosine	1812
DNA (containing 6-O-methylguanine)	1829
DNA adenine	1839
[DNA-directed RNA polymerase]	2687
adenosine-5'-diphospho-5'-[DNA]	3176
5'-end-labeled 29 nucleotide double-stranded DNA	3232
RNA-DNA*DNA hybrid	3236
RNA-DNA hybrid	3237
D14R1D3:DNA18	3238
RNA18:DNA18	3239
M13 DNA/RNA hybrid	3240
uracil-containing double-stranded DNA	3814
xanthine-containing double-stranded DNA	3815
hypoxanthine-containing double-stranded DNA	3816
DNA containing ring-opened N7-methylguanine residues	3822
DNA containing 7-hydro-8-oxoguanine residues	3823
uracil-mismatched single-stranded DNA	3827
uracil-containing calf thymus DNA	3828
double stranded DNA containing G-U mismatch	3829
dUMP DNA	3830
uracil-mismatched double-stranded DNA	3831
thymine-mismatched double-stranded DNA	3832
3,N4-ethenocytosine-mismatched double-stranded DNA	3833
adenosine-5'-diphospho-5'-(ribonucleotide)-[DNA]	4845
DNA containing apurinic/apyrimidinic sites	5161
DNA containing dihydrouracil	5164
Supercoiled DNA	5406
(nicked double-stranded DNA)n	5513
5-fluorouracil-mismatched double-stranded DNA	5653
5-chlorouracil-mismatched double-stranded DNA	5654
N3-methyluracil in single-stranded mRNA	858
RNA-N1-methyladenine	859
RNA-N6-methyladenine	860
rRNaseA	1646
cytosine967 in 16S rRNA	1705
pseudouridine1915 in 23S rRNA	1706
adenine2085 in 23S rRNA	1707
262-nucleotide RNA fragment within domain V of Bacillus subtilis 23S rRNA	1708
23S rRNA	1709
623-nucleotide RNA fragment within domain V of Bacillus subtilis 23S rRNA	1710
623-nucleotide RNA fragment within domain V of Bacillus subtilis 23S rRNA with mutation A2086T	1711
uracil1939 in 23S rRNA	1712
uracil1498 in 16S rRNA	1713
nucleoside32 in EctRNAfMet2(CAU)	1715
nucleoside32 in EctRNATrp1(CCA)	1716
nucleoside32 in EctRNAfMet1(CAU)	1717
nucleoside32 in EctRNAGln2(CUG)	1718
nucleoside32 in EctRNAGln1(UUG)	1719
nucleoside32 in EctRNASer1(UGA)	1720
cytosine38 in Q34tRNAAsp	1721
cytosine38 in G34tRNAAsp	1722
guanine27 in tRNATyr	1724
guanine26 in mutant tRNATyr	1725
adenine22 in tRNASer	1726
adenine58 in tRNAPhe	1728
guanine9 in tRNAGly	1729
guanine9 in tRNAGlyGCC	1730
guanine9 in tRNAValUAC	1731
guanine37 in tRNALeu	1732
guanine37 in yeast tRNAAsp possessing an A36G37 sequence	1733
guanine37 in Escherichia coli tRNA1Leu	1734
guanine37 in human mitochondrial tRNAPro	1735
guanine37 in yeast tRNAAsp possessing a G36G37 sequence	1736
guanine37 in tRNALeu(CAG)	1737
guanine37 in tRNALeu(GAG)	1738
guanine37 in Methanocaldococcus jannaschii tRNA(Cys)	1739
guanine37 in Methanocaldococcus jannaschii tRNAPro	1740
guanine37 in Methanocaldococcus jannaschii tRNACys	1741
tRNAPhe containing uridine at position 54	1840
tRNAPhe with deletions of D-arm containing uridine at position 54	1841
tRNAPhe with deletions of anticodon arm containing uridine at position 54	1842
tRNAPhe mutant G57A containing uridine at position 54	1843
tRNAPhe nucleotides 44-76 containing uridine at position 54	1844
tRNAPhe nucleotides 18-76 containing uridine at position 54	1845
tRNAPhe with deletions of aminoacyl stem and D-arm containing uridine at position 54	1846
tRNAPhe with deletions of aminoacyl stem containing uridine at position 54	1847
tRNAPhe mutant A58U containing uridine at position 54	1848
tRNAPhe mutant A58G containing uridine at position 54	1849
L-methionyl-tRNAfMet	1861
E. coli L-methionyl-tRNAfMet	1862
MurNAc(Neta-dansylpentapeptide)-diphosphoryl (R,S-alpha-dihydroheptaprenol)	2161
tRNA guanine	2326
[tRNA]-guanine	2327
[tRNATyr]7-aminomethyl-7-carbaguanine	2329
guanine34 in tRNA	2347
L-seryl-tRNASec	2579
5'-dephospho-GC-RNA	2664
5'-dephospho-GAAAA-RNA	2665
RNAn	2813
a tRNA precursor	2834
armless tRNA(Ile) precursor	2835
tRNA(Phe) precursor	2836
armless tRNA(Arg) precursor	2837
ppp-tRNAHis	2840
ppp-tRNAPhe	2841
p-tRNAHis	2842
ppp-tRNALeu	2843
diacetyl-Lys-tRNALys	3095
N-acetyl-Ala-tRNA(Ala)	3096
diacetyl-lysine-tRNA	3097
D-tyrosyl-tRNATyr	3175
R1.1 RNA	3235
pre-tRNA-Asp	3241
pre-tRNA-Cys	3242
28S rRNA within the native ribosome	3817
naked 28S rRNA	3818
cytosine6666 in apolipoprotein B mRNA	4778
a 5'-triphospho-[mRNA]	4851
RNA	5252
RNAse A	5340
tRNA uridine55	5383
tRNA uridine13	5384
tRNA uridine32	5385
tRNATyr	5410
tRNATyr(wild-type)	5411
tRNATyr(G34C)	5412
tRNAMet	5416
tRNASer	5417
tRNASec	5418
tRNASerUGA	5419
tRNASerGCU	5420
tRNAAsp	5421
tRNAAsn	5422
tRNAPro	5423
tRNACys	5424
tRNAGlu	5425
tRNAGlu mutant C36G	5426
wild type tRNAGlu	5427
tRNAGln	5428
tRNAArg	5429
tRNATrp	5430
tRNAPhe	5432
tRNAHis	5434
tRNAThr1	5436
tRNAThr	5438
tRNAGAGLeu	5439
Ile-tRNALeu	5440
tRNAUAALeu	5441
tRNACAGLeu	5442
[tRNAIle2]-cytidine34	5499
mature [tRNAIle2]-cytidine34	5503
precursor [tRNAIle2]-cytidine34	5504
L-glutamyl-tRNAGln	5512
guanine9 in tRNAArg	5580
guanine9 in tRNAPhe	5581
diacetyl-Lys-tRNA	5604
synthetic tRNAHis G-1	5707
wild-type full length tRNAHis G-1	5708
tRNAIle	5709
tRNALys,3'-59mer	5710
cytochrome c	495
glutaredoxin 3	678
glutaredoxin 2	679
[dihydrolipoamide acyltransferase, subunit E2 from pyruvate dehydrogenase complexlipoyl-carrier protein]-N6-[(R)-dihydrolipoyl]-L-lysine	687
[dihydrolipoamide acyltransferase, subunit E2 from alpha-ketoglutarate dehydrogenase complex]-N6-[(R)-dihydrolipoyl]-L-lysine	688
thioredoxin 1	692
N-terminal Cys of RGS5	723
N-terminal Cys of RGS4	724
[thioether-linked cyclic peptide hFX-CP101-119]-L-aspartate	819
[factor X first EGF-like domain]-L-aspartate	820
HIF-1alpha peptide Asp788-Leu822  (L-asparagine803)	821
(Pro-Pro-Gly)10	822
(L-Pro-L-Pro-Gly)10	823
Protocollagen	824
Gly-Val-Pro-Gly-Val	826
His10-rSkp1A	827
DLDLEMLAPYIPMD	828
DLDLEMLAPYIPMDDDF	829
DLDLEMLAPYIPMDD	830
DALTLLAPAAGDTIISLFG	831
EMLAPYIPMDDDFQL	832
DLDLEMLAPYIPMDDDFQL	833
DLDLEMLAPYIPMDDDFQLRSFDQ	834
DLDLEMLAPAIPMDDDFQL	835
DLEMLAPYIPMDDDFQL	836
DLDLEMLAPGIPMDDDFQL	837
ELDLETLAPYIPMDGEDFQ	838
EPEELAQLAPTPGDAIISLD	839
DLDLEALAPYIPADDDFQL	840
DALDLEMLAPYISMDDDFQL	841
DALTLLAPAAGDTIISLDF	842
DLDLEMLAPYIPTIISLDF	843
DESGLPQLTSYDAEVNAPIQGSRNLLQGEELLRALDQVN	844
(Ile-Lys-Gly)3	849
histone H3 N6,N6-dimethyl-L-lysine9	870
[histone H3]-N6,N6-dimethyl-L-lysine 9	871
histone H3 N6,N6,N6-trimethyl-L-lysine9	872
[histone H3]-N6,N6,N6-trimethyl-L-lysine 9	873
[histone H3, A7R]-N6,N6,N6-trimethyl-L-lysine 9	874
[histone H3, A7H]-N6,N6,N6-trimethyl-L-lysine 9	875
[histone H3, G12P]-N6,N6,N6-trimethyl-L-lysine 9	876
H31-15K9me3	877
[histone H3 N-terminal 21mer] N6,N6,N6-trimethyl-L-lysine4	878
[histone H3 N-terminal 21mer mutant T3A] N6,N6,N6-trimethyl-L-lysine4	879
[histone H3 N-terminal 18mer mutant K14ac/K18ac] N6,N6,N6-trimethyl-L-lysine4	880
[histone H3 N-terminal 21mer mutant T6A] N6,N6,N6-trimethyl-L-lysine4	881
[histone H3 N-terminal 21mer mutant K9A] N6,N6,N6-trimethyl-L-lysine4	882
[histone H3 N-terminal 21mer mutant T6S] N6,N6,N6-trimethyl-L-lysine4	883
[histone H3 N-terminal 18mer mutant K14A/R17A/K18A] N6,N6,N6-trimethyl-L-lysine4	884
[histone H3 N-terminal 21mer mutant R8A] N6,N6,N6-trimethyl-L-lysine4	885
[histone H3 N-terminal 13mer] N6,N6,N6-trimethyl-L-lysine4	886
[histone H3 N-terminal 18mer] N6,N6,N6-trimethyl-L-lysine4	887
[histone H3 N-terminal 21mer mutant T6V] N6,N6,N6-trimethyl-L-lysine4	888
[histone H3 N-terminal 21mer mutant R2A] N6,N6,N6-trimethyl-L-lysine4	889
[histone H3 N-terminal 21mer mutant Q5A] N6,N6,N6-trimethyl-L-lysine4	890
[histone H3]-N6,N6,N6-trimethyl-L-lysine 36	891
[histone H3]-N6,N6,N6-trimethyllysine36	892
[reduced cytochrome P450 reductase]	955
reduced ferredoxin	1007
reduced flavodoxin	1008
tBOC-Gly-Gly	1030
4-nitrobenzoyl-Gly-Gly	1037
tetradecanoyl-[acyl-carrier protein]	1089
octadecanoyl-[acyl-carrier protein]	1090
hexadecanoyl-[acyl-carrier protein]	1091
heptadecanoyl-[acyl-carrier protein]	1092
nonadecanoyl-[acyl-carrier protein]	1093
7-(decyloxy)-heptanoyl-[acyl-carrier protein]	1094
10-(heptyloxy)-decanoyl-[acyl-carrier protein]	1095
pentadecanoyl-[acyl-carrier protein]	1096
[histone H3]-N6,N6-L-dimethyllysine21	1120
H3K4me2 peptide 3-21	1121
H3K4me2 (1-21 aa) peptide	1122
H3K4me2 1-21 peptide	1123
[histone H3]-N6,N6-L-dimethyllysine4-1-21	1124
oxidized ferredoxin	1145
oxidized [2Fe-2S]-[rubredoxin]	1146
oxidized rubredoxin	1147
reduced flavodoxin II	1152
reduced flavodoxin I	1153
ferricytochrome c	1154
[amino group carrier protein LysW]-gamma-aminoadipic semialdehyde	1155
[amino-group carrier protein LysW]-C-terminal-gamma-aminoadipic semialdehyde	1158
thioredoxin	1286
crotonyl-[acyl-carrier protein]	1294
trans-2-octenoyl-[acyl-carrier protein]	1309
crotonyl-[acyl-carrier-protein]	1352
trans-but-2-enoyl-[acyl-carrier protein]	1354
electron transfer protein	1376
ferricytochrome b5	1573
ferrocytochrome b5	1574
cytochrome b5	1575
ferricytochome b5	1576
Ferrocytochrome c-551	1601
ferricytochrome c551	1602
Hordeum vulgare thioredoxin 2 mutant G57P	1631
Arabidopsis thaliana thioredoxin 3	1632
Hordeum vulgare thioredoxin 2	1633
Hordeum vulgare thioredoxin 2 mutant E86A	1634
Hordeum vulgare thioredoxin 2 mutant I51G	1635
Escherichia coli thioredoxin	1636
Hordeum vulgare thioredoxin 1	1637
thioredoxin disulfide	1639
Abz-ATTPLCGPSRASILSGR	1647
Abz-SALCSPTRA-NH2	1648
[phosphatase 2A protein]-leucine	1742
SPKRIAKRRSPPADA	1747
SSKRAKAKTTKKRP	1749
N-terminal-[RCC1]	1750
[GRGGFGGRGGFRGGRGG]-L-arginine	1773
FYSGFNSRP-dimethyl-R10-G-dimethyl-R12-VYATSWY	1774
[PABPN1 mutant DELTAC8]-L-arginine	1775
FYSGFNS-dimethyl-R8-PRG-dimethyl-R12-VYATSWY	1776
FYSGFNS-dimethyl-R8-P-dimethyl-R10-GRVYATSWY	1777
[PABPN1 mutant DeltaC27]-L-arginine	1778
FYSGFNS-dimethyl-R8-PRGRVYATSWY	1779
[PABPN1 mutant DeltaC33]-L-arginine	1780
FYSGFNSRP-methyl-R10-GRVYATSWY	1781
[PABPN1 mutant DeltaC20]-L-arginine	1782
[PABPN1 mutant DeltaC40]-L-arginine	1783
[histone H4 peptide]-L-arginine	1784
[histone H2B peptide 23-37]-L-arginine	1785
chicken nucleosome	1791
recombinant nucleosome	1792
histone H3(peptide 21-44)	1793
[histone H3]-L-lysine36	1794
[histone H3]-N6,N6-dimethyl-L-lysine36	1795
[histone H3]-N6-methyl-L-lysine36	1796
[histone H3 peptide 1-15]-N6,N6-dimethyl-L-lysine9	1798
[histone H3 peptide 1-15]-L-lysine9	1799
[histone H3 peptide 1-15]-N6-methyl-L-lysine9	1800
[histone H3.1]-L-lysine27	1801
dIdC	1803
dGdC	1804
(CGG*CCG)73	1809
poly(dI-dC)*poly(dI-dC)	1810
(CGG*CCG)12	1811
GpppA	1824
SNAP-Vista Green	1828
KASA(iso-D)LAKY	1850
ovalbumin L-isoaspartate	1851
actin L-histidine73	1853
synthetic peptide corresponding to residue 66-80 of actin	1854
beta-actin L-histidine73	1855
alpha-tubulin L-lysine	1885
(R)-3-hydroxytetradecanoyl-[acyl-carrier protein]	1886
tetradec-7-enoyl-[acyl-carrier protein]	1902
palmitoleoyl-[acyl-carrier protein]	1903
acetyl-[acyl-carrier protein]	1904
cis-3-decenoyl-[acyl-carrier protein]	1905
dodec-5-enoyl-[acyl-carrier protein]	1906
(S)-2-methylbutanoyl-[2-methylbutanoate polyketide synthase]	1917
SASEAGVRWGRPVGRRRRP	1920
MLALIRRR	1921
MLGTGRRR	1922
MLDPERRR	1923
MIGPERRR	1924
MLRPERRR	1925
MLGPERRR	1926
MLGTERRR	1927
MLLPERRR	1928
MFGPERRR	1929
palmitoyl-[acyl-carrier protein]	1935
holo-[acyl-carrier protein]	1937
[histone H3]-N6-myristoyl-L-lysine9	1940
[histone H3]-N6-butyryl-L-lysine9	1941
[histone H3]-N6-octanoyl-L-lysine9	1942
[histone H3]-N6-acetyl-L-lysine9	1943
histone H4 peptide	1951
SGRGKGGKGLGKGGAKRHRK	1952
histone H3 tail peptide	1953
histone H3	1954
piccoloNuA4 peptide	1955
protein p53	1958
poly-L-Lys	2007
ARF peptide	2024
HIV1 Nef protein N-terminal peptide	2025
HIV1 Gag protein N-terminal peptide	2026
HIV-1 negative regulatory factor	2028
GQLFTSLN	2029
CAP5.5	2030
N-Cbz-L-glutaminyl(gamma-4-nitrophenylester)glycine	2032
Ac-PNPQLPF-OH	2033
N-acetyl-PNPQLPF	2034
alpha2 plasmin inhibitor	2035
N,N'-dimethyl casein glutamine	2036
CBZ-Gln-Gly-OH	2038
N-CBZ-Glu-Gly	2039
[ubiquitin carrier protein Ubc4]-L-cysteine	2043
S-ubiquitinyl-[E1 ubiquitin-activating enzyme]-L-cysteine	2044
L-Gln-L-Thr-Gly-L-Ile-NH2	2048
L-Gln-Gly-L-Pro	2049
L-Gln-L-Arg-Gly-L-Ile-NH2	2053
L-Gln-L-Asn-Gly-L-Ile-NH2	2056
L-Gln-L-Trp-L-Ala-NH2	2057
H-Gln-Glu-Tyr-Phe-NH2	2060
H-Gln-Val-Ala-OH	2061
H-Gln-Lys-Arg-Leu-NH2	2064
H-Gln-Phe-Ala-OH	2065
H-Gln-Asp-Glu-Leu-NH2	2066
H-Gln-Gly-Pro-OH	2068
H-Gln-Glu-Ala-Phe-NH2	2069
[GlcNAc-(1-4)-Mur2Ac(oyl-L-Ala-gamma-D-Glu-L-Lys-D-Ala-D-Ala)]n diphosphoundecaprenol	2084
MOCAc-Lys-Arg-Gly-Leu-Tyr-Phe-Ile-Thr-His-Lys(Dnp)	2130
factor VII EGF	2156
TSR4	2157
synthetic substrate analogue 7	2160
IgA hinge	2254
CPPTPSATTPAPPSSSAPPETTAA	2255
Muc2	2256
AHGVVTSAPDTR	2257
IgA hinge-4GalNAc	2258
DSTTPAPTTK	2260
(ADP-D-ribosyl)n-actin	2334
(ADP-D-ribosyl)n-RhoA protein	2335
AA-labeled G2 glycan	2353
asialo-alpha1-acid glycoprotein	2357
[antifreeze glycoprotein]-(O-3-(beta-D-Gal-(1->3)-alpha-D-GalNAc-(1->)))-L threonine	2366
4-methylumbelliferyl beta-Lewis x	2370
alpha-Kdo-(2->4)-alpha-Kdo-(2->6)-[O-deacylated Escherichia coli Kdo2-lipid A]	2374
cyclo-(L-Trp-D-Pro)	2383
cyclo-(L-Trp-D-Ala)	2385
cyclo-(D-Trp-L-Pro)	2386
cyclo-(L-Trp-L-His)	2387
cyclo-(D-Trp-D-Pro)	2388
cyclo-(L-Trp-L-Tyr)	2389
cyclo-(D-Trp-L-Ala)	2390
cyclo-(L-Trp-L-Ala)	2391
cyclo-(L-Trp-Gly)	2392
gamma-Glu-Cys-Sar	2433
Tic-Cys-Gly	2434
gamma-Glu-Cys-Aib	2435
Hyp-Cys-Gly	2436
acetyl-gamma-Glu-Cys-Gly	2437
cyclo-L-Trp-L-Phe	2459
cyclo-D-Trp-L-Tyr	2461
cyclo-L-Trp-Gly	2465
cyclo-L-Trp-D-Pro	2471
[eIF5A-precursor]-L-lysine	2473
[eIF5A-precursor]-lysine	2474
[hydrofluoric acid-treated lipopolysaccharide]	2605
5'-HO-CCGACCAACGAAGGT	2662
GGGCC(AG)10GGCCC-fluorescein	2663
Ac-DYFGW-NHMe	2671
Ac-DYFE-6-chloro-W-NHMe	2672
YFEW	2673
L-tyrosyl-[AAVHEYLSA]	2674
FKKQGSFAKKK	2677
casein kinase 1delta	2678
biotinylated Thr-Arg-Ser-Ala-Ile-Arg-Arg-Ala-Ser-Thr-Ile-Glu-Met-Pro-Gln-Gln-Ala-Arg Gln	2680
[non-muscle heavy meromyosin IIB]	2681
[smooth muscle heavy meromyosin]	2682
[smooth muscle regulatory light chain]	2683
[non-muscle regulatory light chain]	2684
glycogen phosphorylase b	2685
Cdc25C	2686
[isocitrate dehydrogenase (NADP+)]	2688
YAYDTRYRR	2689
RKKFGESEKTKTKEFL-amide	2690
K53M-[p38alpha]	2691
p38alpha	2692
K52R-[ERK2]	2693
ERK2	2694
(phosphate)n+1	2706
polyphosphate(4)	2708
(Phosphate)n	2744
(phosphate)3	2745
rNTP	2780
5'-CTTCTTCTGTGC-3'	2781
(A)n	2786
poly(rA)/(dT)18	2812
North-methanocarba-dATP	2833
apo-[acyl-carrier protein]	2846
reduced thioredoxin	2851
[Y+3 peptide]-L-tyrosine	2900
PSGL-1	2901
VTDsYYsYPDI	2903
gastrin peptide	2904
VTDYYYPDI	2905
benzyl-Glu-Tyr	2906
C4P5Y5 peptide	2907
peptide Y+1 tyrosine	2908
lignin-rich pellet	2989
4-O-methyl-glucuronic acid gamma-linked to a lignin dimer	2990
olive oil	3098
soya lecithin	3101
juvenile hormone III	3121
saturated juvenile hormone III	3122
Poly(A)	3177
palmitoyl-peptide	3215
ESEMEpTPSAIN	3261
NPCTEpTFTGTL	3262
NFEDHpSAPPSP	3263
WHLADpSPAVNG	3264
HSAPPpSPEEKD	3265
SQLHIpTPGTAY	3266
DDApTVA	3267
PVARTpSPLQTP	3268
ENDpTINASL	3269
ASQEPpSPAASA	3270
YLRSIpSLPVPV	3271
AAApTVA	3272
AGPALSPVPPV	3273
VARKLpSAREQR	3274
RGRGSpSVGGGS	3275
RRApSVA	3276
RRApTVA	3277
ALSAGpSNEYLR	3278
Fmoc-EY(P)A	3284
Fmoc-AAY(P)AA	3285
Fmoc-KKAY(P)AA	3287
KR(pT)IRR	3292
Ac-(pT)AILER	3293
Ac-(pT)IALGK	3294
RRA(pT)VA	3295
Ac-RK(pS)AGKPKN	3296
DADEpYLIPQQG	3312
acetyl-DADEpYL-NH2	3313
PQDKEY-pY-KVKEPG	3316
RKGSGD-pY-MPMSPK	3317
PGSAAP-pY-LKTKFI	3318
[Eps15 peptide846-854 P850V]-tyrosine phosphate	3319
[Eps15 peptide846-854]-tyrosine phosphate	3320
(5'-GATCTAAAAGACTT-3')-phosphotyrosine	3369
5'-pApA	3379
choline lysoplasmalogen	3380
soluble starch	3495
starch	3497
insoluble blue starch	3499
birchwood xylan	3536
beechwood xylan	3537
Poly(ADP-ribose)	3561
insoluble wheat arabinoxylan	3739
soluble wheat arabinoxylan	3740
oat spelt xylan	3741
rye arabinoxylan	3742
wheat L-arabinoxylan	3744
locust bean gum	3766
8-oxo-7,8-dihydroguanine:Cyt oligodeoxynucleotide	3819
13mer oligonucleotide duplex containing 8-oxoguanine	3820
23mer oligonucleotide duplex containing 8-oxoguanine	3821
recombinant human methionine-interferon alpha-2b	3870
L-Met-Gly-L-Met-L-Met	3876
L-Leu-PSI[C(O)S]Gly-L-Phe	3877
L-Met-PSI[C(O)S]Gly-L-Phe	3878
L-Phe-PSI[C(O)S]Gly-L-Phe	3879
beta-homoAla-beta-homoLeu	3887
beta-homoVal-beta-homoAla-beta-homoLeu	3889
Abz-L-Lys-L-Pro-L-Pro-4-nitroanilide	3902
2-aminobenzoyl-L-Lys-L-Pro-L-Pro-4-nitroanilide	3903
L-Ala-L-Pro-L-Ala	3904
beta-(2-thienyl)Ala-Phe-7-amido-4-methylcoumarin	3930
benzyloxycarbonyl-L-Leu-L-Arg-7-amido-4-methylcoumarin	3931
benzyloxyarbonyl-Gly-L-Pro-L-Arg-7-amido-4-methylcoumarin	3932
beta-(2-thienyl)Ala-beta-(7-methoxycoumarin-4-yl)Ala-Ser-Tyr(3-NO2) NH2	3933
beta-(2-thienyl)Ala-beta-(7-methoxycoumarin-4-yl)Ala-Ser-Gly-Tyr(3 NO2)-NH2	3934
beta-(2-thienyl)Ala-beta-(7-methoxycoumarin-4-yl)Ala-Ser-Gln-Tyr(3 NO2)-NH2	3935
t-butyloxycarbonyl-L-Val-L-Leu-L-Lys-7-amido-4-methylcoumarin	3936
benzyloxycarbonyl-L-Phe-L-Arg-7-amido-4-methylcoumarin	3937
L-Ala-L-Ala-L-Ala 4-nitroanilide	3938
L-Ala-L-Ala-L-Phe 4-nitroanilide	3939
Gly-Ala-Pro-2-naphthylamide	3940
Ala-Phe-Pro-beta-naphthylamide	3941
Gly-Ala-Pro-beta-naphthylamide	3942
His-Pro-p-nitroanilide	3943
Nle-Pro-7-amido-4-methylcoumarin	3944
Nle-Pro-rhodamine	3945
Arg-Pro-p-nitroanilide	3947
Lys-Ala-p-nitroanilide	3948
Gly-Pro-p-nitroanilide	3949
Nle-Nle-p-nitroanilide	3950
Ala-Pro-amino-4-trifluoromethylcoumarin	3951
Tyr-Ala-p-nitroanilide	3952
Lys-Pro-7-amido-4-methylcoumarin	3953
Ser-Pro-p-nitroanilide	3954
Nle-Nle-rhodamine	3955
Asn-Pro-p-nitroanilide	3956
Phe-Pro-p-nitroanilide	3957
His-Ala-p-nitroanilide	3958
Lys-Ala-7-amido-4-methylcoumarin	3959
Gly-Pro-7-amido-4-methylcoumarin	3960
Pro-Ala-p-nitroanilide	3961
Lys-Pro-p-nitroanilide	3962
Arg-Arg-2-naphtylamide	3963
Gly-Arg-2-naphtylamide	3964
L-Arg-L-Arg 2-naphthylamide	3965
Arg-Arg-2-naphthylamide	3967
Ala-Ala-2-naphthylamide	3968
Gly-Pro-4-nitroanilide	3969
Ala-Pro-7-amido-4-trifluoromethyl coumarin	3970
Gly-L-Pro-7-amido-4-methylcoumarin	3971
RWFVIQ-[N-(2,4-dinitrophenyl)-ethylenediamine]	3973
RWFFIQ-[N-(2,4-dinitrophenyl)-ethylenediamine]	3974
KWFFIQ-[N-(2,4-dinitrophenyl)-ethylenediamine]	3975
hippuryl-His-Leu	3976
benzyloxycarbonyl-Phe-His-Leu	3977
[L-Asp(4-Arg)]n	3981
Boc-gamma-D-Glu-L-Lys-(Cbz)-D-Ala-D-Ala	3982
N-acetylmuramoyl-L-alanyl-gamma-D-glutamyl-meso-2 6-diaminopimelyl-D-alanyl-D-alanine	3985
N-acetylmuramoyl-L-alanyl-gamma-D-glutamyl-L-lysyl-D-alanyl-D-alanine	3986
Nalpha-acetyl-L-Lys-D-Ala-thiolactate	3988
N-alpha-acetyl-L-Lys-D-Ala-thiolactate	3990
Nalpha,Nepsilon-diacetyl-L-Lys-D-Ala-thiolactate	3991
Nalpha,Nepsilon-Diacetyl-L-Lys-D-Ala-D-Ala	3994
Nalpha-Acetyl-L-Lys-D-Ala-D-Ala	3995
CBZ-Phe-Leu	3997
Gly-Leu-Ala-Arg	3998
benzoyl-Gly-argininic acid	4001
benzoyl-Met-Arg	4004
benzoyl-Gly-Arg	4005
Pro-Gly-Lys-Ala-Arg	4008
benzoyl-Tyr-Arg	4009
benzoyl-Leu-Arg	4011
Ser-His-Leu-Gly-Leu-Ala-Arg	4012
benzoyl-Trp-Arg	4013
benzoyl-Gln-Arg	4014
benzoyl-His-Arg	4015
benzoyl-Thr-Arg	4016
N-(4-hydroxybenzoyl)-Gly-Arg	4017
benzoyl-Asn-Arg	4018
benzoyl-Val-Arg	4019
benzoyl-Ile-Arg	4020
benzoyl-Ser-Arg	4021
bradykinin(-Phe-Arg)	4022
benzoyl-Phe-Arg	4023
Benzoyl-Gly-Lys	4024
L-Ala-gamma-D-Glu-meso-diaminopimelyl-D-Ala	4027
N-benzyloxycarbonyl-Ala-Ala-Leu	4028
benzyloxycarbonyl-Ala-Ala-Leu	4030
N-benzyloxycarbonyl-Ala-Ala-Glu	4031
benzyloxycarbonyl-Ala-Ala-Arg	4032
N-Carbobenzoxy-Ala-Ala-Leu	4033
N-2,4-dinitrophenyl-Ala-Ala-Arg	4034
pteroyl-di-L-glutamate	4040
dansyl-Phe-Ala-Arg	4041
angiotensin 3-8	4044
angiotensin 5-8	4046
angiotensin 4-8	4047
fibrinopeptide gammaLys54-62	4048
C3a69-77	4049
fibrinopeptide gammaLys77-85	4050
fibrinopeptide betaLys125-133	4051
fibrinopeptide alphaArg96-104	4052
C5a66-74	4053
2-aminobenzoyl-Ala-Leu-Phe-Gln-Gly-Pro-Phe(NO2)-Ala	4059
ubiquitin-7-amido-4-methylcoumarin	4060
ubiquitin 7-amido-4-methylcoumarin	4061
ubiquitinyl-7-amido-4-methylcoumarin	4062
beta-Asp-Ala	4067
beta-Asp-Lys	4069
Lys-Pro-Ala-Leu-Phe-p-nitrophenylalanine-Arg-Leu	4081
Complement component C4	4082
Complement component C2	4083
BODIPY FL casein	4084
TatA	4085
FL-casein	4086
beta-casein	4087
2-aminobenzoic acid-Ile-Met-Thr-Abu-Tyr-Met-Phe-Tyr(3-NO2)-NH2	4088
2-aminobenzoyl-Ile-Met-Thr-Abu-Tyr-Met-Phe-Tyr(3-NO2)	4089
2-aminobenzoic acid-Ile-Met-Thr-Abu-Tyr-Met-Trp-Tyr(3-NO2)-NH2	4090
2-aminobenzoic acid-Ile-Met-Val-Ser-Tyr-Met-Phe-Tyr(3-NO2)-NH2	4091
(7-methoxycoumarin-4-yl)AIRRVSYSF-(5-amino-2-nitro)benzamide	4092
2-aminobenzoic acid-Ile-Met-Thr-Abu-Tyr-Met-His-Tyr(3-NO2)-NH2	4093
2-aminobenzoyl-Ile-Met-Thr-Abu-Tyr-Met-His-Tyr(3-NO2)-NH2	4094
2-aminobenzoic acid-Ile-Met-Val-Abu-Tyr-Met-Phe-Tyr(3-NO2)-NH2	4095
2-aminobenzoyl-Ile-Met-Val-Abu-Tyr-Met-Phe-Tyr(3-NO2)-NH2	4096
2-aminobenzoic acid-Ile-Met-Thr-Ser-Tyr-Met-Phe-Tyr(3-NO2)-NH2	4097
2-aminobenzoyl-Ile-Met-Thr-Abu-Tyr-Met-Trp-Tyr(3-NO2)-NH2	4098
2-aminobenzoyl-Ile-Met-Val-Ser-Tyr-Met-Phe-Tyr(3-NO2)-NH2	4099
Ala(7-methoxycoumarin-4-acetic acid)-IRRVSYSF-(5-amido-2-nitrobenzamide)	4100
Boc-Gln-Ala-Arg-4-nitroanilide	4101
Ile-Pro-Arg-p-nitroanilide	4102
N-tert-butoxycarbonyl-Leu-Gly-Arg-7-amido-4-methylcoumarin	4103
N-tert-butoxycarbonyl-Gln-Ala-Arg 7-amido-4-methylcoumarin	4104
N-succinyl-Ala-Phe-Lys-7-amido-4-methylcoumarin	4105
N-tert-butoxycarbonyl-gamma-benzyl-Glu-Gly-Arg-7-amido-4 methylcoumarin	4106
N-tert-butoxycarbonyl-gamma-benzyl-Glu-Ala-Arg-7-amido-4 methylcoumarin	4107
N-succinyl-Ala-Ala-Pro-Phe-4-nitroanilide	4108
dabsyl-Lys-Thr-Ala-Tyr-Phe-Gln-Leu-Glu-Gly-Arg-His-Phe-Glu-EDANS	4109
Abz-AIKFFSA-Q-N-[2,4-dinitrophenyl]-ethylenediamine	4110
Abz-KFFSSK-Q-N-[2,4-dinitrophenyl]-ethylenediamine	4111
Abz-GFSPFRSSRI-Q-N-[2,4-dinitrophenyl]-ethylenediamine	4112
QHLY-4-nitroanilide	4113
Abz-MISLMKRP-Q-N-[2,4-dinitrophenyl]-ethylenediamine	4114
Abz-KLFSSK-Q-N-[2,4-dinitrophenyl]-ethylenediamine	4115
Abz-VLFSSK-Q-N-[2,4-dinitrophenyl]-ethylenediamine	4116
Abz-KPFSSK-Q-N-[2,4-dinitrophenyl]-ethylenediamine	4117
Abz-LLFSSK-Q-N-[2,4-dinitrophenyl]-ethylenediamine	4118
Ac-ED(5-[(2-aminoethyl)amino]naphthalene-1-sulfonic acid)KPILFRLGK(4-(4-dimethylaminophenylazo)benzoic acid)E-NH2	4119
methoxy-succinyl-Arg-Pro-Tyr-7-amido-4-methylcoumarin	4120
Abz-NLFSSK-Q-N-[2,4-dinitrophenyl]-ethylenediamine	4121
Abz-KVFSSK-Q-N-[2,4-dinitrophenyl]-ethylenediamine	4122
Abz-FLFSSK-Q-N-[2,4-dinitrophenyl]-ethylenediamine	4123
Abz-QLFSSK-Q-N-[2,4-dinitrophenyl]-ethylenediamine	4124
Ac-EFKPILWRLGC-(6-(9-oxo-9H-acridin-10-yl)-hexanoate)E-NH2	4125
KHLF-4-nitroanilide	4126
Abz-GLFSSK-Q-N-[2,4-dinitrophenyl]-ethylenediamine	4127
Abz-KAFSSK-Q-N-[2,4-dinitrophenyl]-ethylenediamine	4128
Abz-KLYSSK-Q-N-[2,4-dinitrophenyl]-ethylenediamine	4129
Abz-HLFSSK-Q-N-[2,4-dinitrophenyl]-ethylenediamine	4130
Abz-ALFSSK-Q-N-[2,4-dinitrophenyl]-ethylenediamine	4131
Abz-KYFSSK-Q-N-[2,4-dinitrophenyl]-ethylenediamine	4132
Abz-ILFSSK-Q-N-[2,4-dinitrophenyl]-ethylenediamine	4133
KHLY-4-nitroanilide	4134
Abz-GFSPFRSSRIGEIKEETT-Q-N-[2,4-dinitrophenyl]-ethylenediamine	4135
Abz-RLFSSK-Q-N-[2,4-dinitrophenyl]-ethylenediamine	4136
methoxy-succinyl-Arg-Pro-Tyr-4-nitroanilide	4141
t-butyloxycarbonyl-L-Leu-L-Lys-L-Arg-7-amido-4-methylcoumarin	4142
L-Pro-L-Phe-L-Arg-7-amido-4-methylcoumarin	4143
benzyloxycarbonyl-L-Val-L-Val-L-Arg-7-amido-4-methylcoumarin	4144
t-butyloxycarbonyl-L-Val-L-Pro-L-Arg-7-amido-4-methylcoumarin	4145
t-butyloxycarbonyl-L-Phe-L-Ser-L-Arg-7-amido-4-methylcoumarin	4146
tert-butyloxycarbonyl-Val-Pro-Arg-4-methylcoumaryl-7-amide	4147
tert-butyloxycarbonyl-Phe-Ser-Arg-4-methylcoumaryl-7-amide	4148
D-Val-Leu-Arg-4-nitroanilide	4149
tert-butyloxycarbonyl-Asp(benzyloxy)-Pro-Arg-4-methylcoumaryl-7-amide	4150
tert-butyloxycarbonyl-Asp-Pro-Arg-4-methylcoumaryl-7-amide	4151
Pro-Phe-Arg-4-methylcoumaryl-7-amide	4152
Boc-Phe-Gly-Arg-7-amido-4-methylcoumarin	4153
D-hexahydrotyrosine-Gly-Arg-4-nitroanilide	4154
CH3-O-CO-D-cyclohexylalanine-Gly-Arg-4-nitroanilide	4155
CH3-SO2-D-cyclohexylglycine-Gly-Arg-4-nitroanilide	4156
Boc-Leu-GLy-Arg-7-amido-4-methylcoumarin	4157
D-cyclohexylalanine-Gly-Arg-4-nitroanilide	4158
CH3-SO2-D-cyclohexylalanine-Gly-Arg-4-nitroanilide	4159
Tos-Gly-Pro-Arg-7-amido-4-methylcoumarin	4160
D-Phe-Pro-Arg-7-amido-4-methylcoumarin	4162
CH3-SO2-D-Arg-Pro-Arg-7-amido-4-methylcoumarin	4163
Tos-Gly-Pro-Lys-7-amido-4-methylcoumarin	4164
succinyl-Ala-Ala-Pro-Phe 4-nitroanilide	4165
succinyl-Ala-Ala-Pro-Ile 4-nitroanilide	4167
succinyl-Ala-Ala-Pro-Ala 4-nitroanilide	4168
succinyl-Ala-Ala-Pro-Leu 4-nitroanilide	4169
succinyl-Ala-Ala-Pro-Tyr 4-nitroanilide	4170
succinyl-Ala-Ala-Pro-Trp 4-nitroanilide	4171
succinyl-Ala-Ala-Pro-Met 4-nitroanilide	4172
succinyl-Ala-Ala-Pro-Gln 4-nitroanilide	4173
succinyl-Ala-Ala-Pro-Asn 4-nitroanilide	4174
succinyl-Ala-Ala-Pro-Val 4-nitroanilide	4175
D-Ile-Pro-Arg-4-nitroanilide	4176
Factor X	4177
4-methylsulfonyl-D-Leu-Gly-Arg-p-nitroanilide	4178
CH3SO2-D-Leu-Gly-L-Arg-p-nitroanilide	4179
CH3SO2-D-Leu-Gly-Arg-4-nitroanilide	4180
benzyloxycarbonyl-Gly-Pro-SBzl	4181
2-aminobenzoyl-Gly-Phe-Arg-Pro-Phe(NO2)-Arg-Ala	4182
benzyloxycarbonyl-Gly-Pro-beta-naphthylamide	4183
2-aminobenzoyl-Gly-Phe-Glu-Pro-Phe(NO2)-Arg-Ala	4184
2-aminobenzoyl-Glu-Gly-Phe-Ser-Pro-Phe(NO2)-Arg-Ala	4185
2-aminobenzoyl-Gly-Glu-Ser-Pro-Phe(NO2)-Arg-Ala	4186
benzyloxycarbonyl-Gly-Pro-p-nitrophenol	4187
benzyloxycarbonyl-Gly-Pro-p-nitrophenyl ester	4188
2-aminobenzoyl-Glu-Phe-Ser-Pro-Phe(NO2)-Arg-Ala	4189
2-aminobenzoyl-Gly-Phe-Gly-Pro-Phe-Gly-Phe(NO2)-Ala-NH2	4190
pyroGlu-Pro-Arg-4-nitroanilide	4192
L-pyroglutamyl-L-prolyl-L-argininyl-p-nitroanilide	4193
D-butyl-cyclohexylalanine-arginine-4-nitroanilide	4194
Abz-GFSPFRSSRI-Q-EDDnp	4195
Abz-FRSSR-Q-EDDnp	4196
Abz-MISLMKLP-Q-EDDnp	4197
Abz-MISLMKRP-Q-EDDnp	4198
Abz-GFSPFRSLRI-Q-EDDnp	4199
tosyl-Gly-Pro-Arg-7-amido-4-methylcoumarin	4200
factor Xa	4201
zymogen C1s	4204
MASP-3 K448Q zymogen	4205
2-aminobenzoyl-GLQRALEI-Lys(dinitrophenol)-NH2	4206
Z-AGLQR-7-amido-4-methylcoumarin	4207
Z-LGR-7-amido-4-methylcoumarin	4208
t-butyloxycarbonyl-Gly-L-Leu-L-Ala-L-Arg-thiobenzyl ester	4209
PAR1 peptide	4211
FRETN 89-98	4213
S-2288	4214
acetyl-QYAR-4-nitroanilide	4215
acetyl-FYAR-4-nitroanilide	4216
acetyl-GTAR-4-nitroanilide	4217
acetyl-FTAR-4-nitroanilide	4218
acetyl-GTGR-4-nitroanilide	4219
O-methyl-succinyl-Ala-Ala-Pro-Ala-S-benzyl ester	4221
tert-butyloxycarbonyl-Ala-Ala-Nva-S-benzyl ester	4222
2-aminobenzoyl-Val-Ala-Asp-Nva-Ala-Asp-Tyr-Gln-N-(2 4-dinitrophenyl)-ethylenediamine	4223
2-aminobenzoyl-Val-Ala-Asp-Cys-Arg-Asp-Arg-Gln-N-(2 4-dinitrophenyl)-ethylenediamine	4224
tert-butyloxycarbonyl-Ala-Ala-Val-S-benzyl ester	4225
MeOSuc-AAPV-4-nitroanilide	4226
2-aminobenzoyl-Tyr-Tyr-aminobutyl-Asn-Glu-Pro-Tyr(3-NO2)-NH2	4227
Suc-AAPV-4-nitroanilide	4228
O-methyl-succinyl-Ala-Ala-Pro-Val-4-nitroanilide	4230
MeOSuc-AIPM-4-nitroanilide	4231
Abz-VADCADY(NO2)	4232
2-aminobenzoyl-Val-Ala-Asp-Cys-Ala-Gln-N-(2 4-dinitrophenyl)-ethylenediamine	4233
succinyl-Ala-Ala-Nva-S-benzyl ester	4234
2-aminobenzoyl-Tyr-Tyr-aminobutyl-(5-amino-2-nitrobenzoyl)-Gln-NH2	4235
2-aminobenzoyl-Tyr-Tyr-aminobutyl-(5-amino-2-nitrobenzoyl)-NH2	4236
4-morpholinecarbonyl-HSSKLQ-7-amido-4-methylcoumarin	4237
MeO-Suc-Arg-Pro-Tyr-4-nitroanilide	4238
acetyl-LEFD-7-amido-4-methylcoumarin	4239
acetyl-IEFD-7-amido-4-methylcoumarin	4240
acetyl-IETD-4-methylcoumarin-7-amide	4241
acetyl-IEPD-7-amido-4-methylcoumarin	4242
acetyl-IKPD-7-amido-4-methylcoumarin	4243
acetyl-LEPD-7-amido-4-methylcoumarin	4244
benzyloxycarbonyl-L-argininyl-L-arginyl-4-nitroanilide	4246
benzyloxycarbonyl-L-lysyl-L-arginyl-4-nitroanilide	4247
benzyloxycarbonyl-Gly-L-Arg-L-Arg-7-amido-4-methylcoumarin	4248
N-benzyloxycarbonyl-L-Phe-L-Arg-7-amido-4-methylcoumarin	4249
benzoyl-L-Arg-7-amido-4-methylcoumarin	4250
N-benzyloxycarbonyl-Gly-Gly-L-Arg-7-amido-4-methylcoumarin	4251
N-benzyloxycarbonyl-L-Arg-L-Arg-7-amido-4-methylcoumarin	4252
preprotein substrate PONA	4253
GDDDDK-2-naphthylamide	4255
t-butyloxycarbonyl-E(benzyl ester)-Ala-Arg-7-amido-4-methylcoumarin	4257
benzyloxycarbonyl-Phe-Arg-7-amido-4-methylcoumarin	4258
Z-Phe-Arg-4-methylcoumaryl-7-amide	4259
GD4R-4-nitroanilide	4261
Gly-L-Asp-L-Asp-L-Asp-L-Asp-L-Lys-2-naphthylamide	4262
GDDDDK-4-nitroanilide	4263
Ac-D-Arg-Lys-Orn-Arg-7-amido-4-carbamoylmethylcoumarin	4264
Ac-D-Arg-Lys-Orn-Arg(Me)-7-amido-4-carbamoylmethylcoumarin	4265
Ac-Arg-Lys-Lys-Arg-7-amido-4-carbamoylmethylcoumarin	4266
Ac-D-Lys-Lys-Orn-Arg-7-amido-4-carbamoylmethylcoumarin	4267
Ac-Nle-Lys-Lys-Arg-7-amido-4-carbamoylmethylcoumarin	4268
pyroglutamic acid-Arg-Thr-Lys-Arg-7-amido-4-methylcoumarin	4269
butyloxycarbonyl-Arg-Val-Arg-Arg-7-amido-4-methylcoumarin	4270
t-butyloxycarbonyl-glycyl-L-arginyl-L-arginine-4-methylcoumaryl-7 amide	4271
N-acetyl-Gly-Arg-Arg-7-amido-4-methylcoumarin	4272
t-butyloxycarbonyl-glycyl-L-lysyl-L-arginine-4-methylcoumaryl-7-amide	4274
fEGFP-ssrA	4275
Suc-LLVY-4-methylcoumarin-7-amide	4276
Ac-L-Asp-L-Glu-L-Asp-(EDANS)-L-Glu-L-Glu-alpha-aminobutyric acid-PSI[COO]-L-Ala-L-Ser-L-Lys-(DABCYL)-NH2	4277
Ac-DTEDVVP(Nva)-O-4-phenylazophenyl ester	4278
Abz-GIVRAK(Dnp)-OH	4279
Nalpha-benzoyl-Phe-Arg-7-amido-4-methylcoumarin	4280
Nalpha-benzoyl-Arg-Arg-7-amido-4-methylcoumarin	4281
N,N'-diBoc-dityrosine-Gly-(isoniazid)2	4282
N,N'-diBoc-dityrosine-Lys-(isoniazid)2	4283
Abz-PRKQLAT-acetyl-K-AARKSAK-Dnp	4284
Abz-PR-acetyl-K-QLATKAARKSAK-Dnp	4285
Abz-PRKQLATKAARKSAK-Dnp	4286
Abz-PRKQLATKAAR-dimethyl-K-SAK-Dnp	4287
carboxybenzoyl-Phe-Arg-7-(4-methyl)coumarylamide	4288
GRWHKFSVRWE	4290
GRWHKISVRWE	4291
GRWHKLSVRWE	4292
benzyloxycarbonyl-Val-Val-Arg-7-amido-4-methylcoumarin	4293
2-(N-methylamino)benzoyl-TSAVLQSGFRK-(2,4-dinitrophenyl)-Met	4294
2-(N-methylamino)benzoyl-IAALFQGPPK(2,4-dinitrophenyl)FR	4295
Dabcyl-RTATVQGPSLDFKE-Edans	4296
2-(N-methylamino)benzoyl-IEAAFQGPPK(2,4-dinitrophenyl)FR	4297
Dabcyl-IEALFQGPPKFRE-Edans	4298
2-(N-methylamino)benzoyl-IELLFQGPPK(2,4-dinitrophenyl)FR	4299
2-(N-methylamino)benzoyl-DEAMEQGVSDYIK-2,4-dinitrophenyl	4300
2-(N-methylamino)benzoyl-RTATVQGPSLDFK-2,4-dinitrophenyl	4301
(2-(N-methylamino)benzoyl)-IEALFQGPPK(2,4-dinitrophenyl)-FR	4302
2-(N-methylamino)benzoyl-RQAVTQGFPTELK-2,4-dinitrophenyl	4303
Ac-EFQLQ-4-nitroanilide	4304
Ac-DEFQLQ-4-nitroanilide	4305
Ac-FQLQ-4-nitroanilide	4306
pro-interleukin-1beta	4307
4-[[4'-(dimethylamino)phenyl]azo]-benzoic acid-YVADAPV-5-[(2'-aminoethyl)-amino]naphthalenesulfonic acid	4308
acetyl-YVAD-7-amido-4-methylcoumarin	4309
succinyl-YVAD-4-nitroanilide	4310
Z-Leu-Arg-7-amido-4-methylcoumarin	4311
Z-Gly-Pro-Arg-7-amido-4-methylcoumarin	4313
carbobenzoxy-Phe-Arg-7-amido-4-methylcoumarin	4314
carbobenzyloxy-Leu-Arg-4-methylcoumaryl-7-amide	4315
N-benzyloxycarbonyl-L-Leu-L-Arg-4-methylcoumarin 7-amide	4323
N-benzyloxycarbonyl-L-Phe-L-Arg-4-methylcoumarin 7-amide	4324
N-benzyloxycarbonyl-L-Val-L-Arg-4-methylcoumarin 7-amide	4325
N-benzyloxycarbonyl-L-Arg-L-Arg-4-methylcoumarin 7-amide	4326
cystatin D	4327
cystatin C	4328
benzyloxycarbonyl-Arg-Arg-7-amido-4-methylcoumarin	4329
benzyloxycarbonyl-Arg-Ala-7-amido-4-methylcoumarin	4330
Ac-VDVAD-7-amido-4-trifluoromethylcoumarin	4331
acetyl-L-Leu-L-Asp-L-Val-L-Ala-L-Asp-4-nitroanilide	4332
N-(5(6)-carboxyfluoresceinyl)-6-aminohexanoyl-Asp-Gly-Val-Asp-6 aminohexanoyl-N6-[methyl red]-Lys-[N-(6-aminohexyl)-Gly]8-N2-(6-aminohexyl)-Gly-NH2	4333
N-(5(6)-carboxyfluoresceinyl)-6-aminohexanoyl-Asp-Leu-Pro-Asp-6 aminohexanoyl-N6-[methyl red]-Lys-[N-(6-aminohexyl)-Gly]8-N2-(6-aminohexyl)-Gly-NH2	4334
N-(5(6)-carboxyfluoresceinyl)-6-aminohexanoyl-Asp-Val-Pro-Asp-6 aminohexanoyl-N6-[methyl red]-Lys-[N-(6-aminohexyl)-Gly]8-N2-(6-aminohexyl)-Gly-NH2	4335
N-(5(6)-carboxyfluoresceinyl)-6-aminohexanoyl-Asp-Ala-Val-Asp-6 aminohexanoyl-N6-[methyl red]-Lys-[N-(6-aminohexyl)-Gly]8-N2-(6-aminohexyl)-Gly-NH2	4336
benzoyl-L-Asp-L-Glu-L-Val-L-Asp-7-amido-4-methylcoumarin	4337
DEVD-4-nitroanilide	4338
N-(5(6)-carboxyfluoresceinyl)-6-aminohexanoyl-Asp-Asn-Val-Asp-6 aminohexanoyl-N6-[methyl red]-Lys-[N-(6-aminohexyl)-Gly]8-N2-(6-aminohexyl)-Gly-NH2	4339
N-(5(6)-carboxyfluoresceinyl)-6-aminohexanoyl-Asp-Ala-Pro-Asp-6 aminohexanoyl-N6-[methyl red]-Lys-[N-(6-aminohexyl)-Gly]8-N2-(6-aminohexyl)-Gly-NH2	4340
N-(5(6)-carboxyfluoresceinyl)-6-aminohexanoyl-Asp-Glu-Val-Asp-6 aminohexanoyl-N6-[methyl red]-Lys-[N-(6-aminohexyl)-Gly]8-N2-(6-aminohexyl)-Gly-NH2	4341
N-(5(6)-carboxyfluoresceinyl)-6-aminohexanoyl-Asp-Gly-Pro-Asp-6 aminohexanoyl-N6-[methyl red]-Lys-[N-(6-aminohexyl)-Gly]8-N2-(6-aminohexyl)-Gly-NH2	4342
acetyl-L-Asp-L-Glu-L-Val-L-Asp-4-nitroanilide	4343
N-(5(6)-carboxyfluoresceinyl)-6-aminohexanoyl-Asp-Val-Val-Asp-6 aminohexanoyl-N6-[methyl red]-Lys-[N-(6-aminohexyl)-Gly]8-N2-(6-aminohexyl)-Gly-NH2	4344
N-(5(6)-carboxyfluoresceinyl)-6-aminohexanoyl-Asp-Leu-Val-Asp-6 aminohexanoyl-N6-[methyl red]-Lys-[N-(6-aminohexyl)-Gly]8-N2-(6-aminohexyl)-Gly-NH2	4345
N-(5(6)-carboxyfluoresceinyl)-6-aminohexanoyl-Asp-Asn-Pro-Asp-6 aminohexanoyl-N6-[methyl red]-Lys-[N-(6-aminohexyl)-Gly]8-N2-(6-aminohexyl)-Gly-NH2	4346
acetyl-L-Asp-L-Met-L-Gln-L-Asp-4-nitroanilide	4347
acetyl-L-Asp-L-Glu-L-Val-L-Asp-7-amido-4-methylcoumarin	4348
acetyl-L-Asp-L-Val-L-Ala-L-Asp-4-nitroanilide	4349
acetyl-L-Val-L-Asp-L-Val-L-Ala-L-Asp-4-nitroanilide	4350
acetyl-Tyr-Val-Ala-Asp-4-nitroanilide	4351
N-acetyl-VEID-7-amido-4-methylcoumarin	4352
(N-acetyl-VEID)2-rhodamine110	4353
Ac-Val-Glu-Ile-Asp-7-amido-4-trifluoromethylcoumarin	4354
N-acetyl-Val-Glu-Ile-Asp-7-amido-4-methylcoumarin	4357
N-acetyl-Val-Glu-His-Asp-7-amido-4-methylcoumarin	4358
Ac-VEID-7-amido-4-methylcoumarin	4359
N-acetyl-DEVD-7-amido-4-fluoromethylcoumarin	4360
N-acetyl-DEVD-7-amido-4-trifluoromethylcoumarin	4361
N-acetyl-PEVD-7-amido-4-trifluoromethylcoumarin	4362
Ac-DEVD-7-amido-4-methylcoumarin	4363
acetyl-IETD-4-nitroanilide	4364
acetyl-IETD-7-amido-4-fluoromethylcoumarin	4365
procaspase-3	4366
acetyl-LEHD-7-amido-4-trifluoromethylcoumarin	4367
acetyl-LEHD-7-amido-4-trifluoromethyl coumarin	4368
Dabcyl-KTSAVLQSGFRKME-EDANS-amide	4369
DABCYL-TSAVLQSGFRKME-EDANS	4370
N-methylanthranilyl-TSAVLQSGFRK(2,4-dinitrophenyl)	4371
Arg-Glu(EDANS)-Ile-His-Pro-Phe-His-Leu-Val-Ile-His-Thr-Lys(DABCYL) Arg	4373
AETFYVDGAA	4374
IRKILFLDG	4376
CTLNFPISP	4377
KARLMAEALK	4378
IPFAAAQQRK	4379
VLQNYPIVQ	4380
VSQLYPIVQ	4381
VVQNYPIVQ	4382
VSQVYPIVQ	4383
Abz-Thr-Ile-Nle-4-nitro-Phe-Gln-Arg-NH2	4384
Lys-Pro-Ala-Arg-Phe-Nph-Arg-Leu	4385
4-(4-dimethylaminophenylazo)benzoyl-gamma-aminobutyryl-Ile-HIs-Pro-Phe His-Leu-Val-Ile-His-Thr-[5-(2-aminoethyl)-amino]naphthalene-1-sulfonic acid	4386
4-(4-dimethylaminophenylazo)benzyl-Glu-His-Val-Lys-Leu-Val-Glu-5-(2 aminoethylamino)-1-naphthalenesulfonic acid	4387
Lys-Glu-Leu-Val-Phe-(p-nitro)Phe-Ala-Leu-Lys	4388
Leu-Glu-Arg-Ile-Phe-(p-nitro)Phe-Ser-Phe	4389
Lys-Pro-Ile-Leu-Phe-(p-nitro)Phe-Arg-Leu	4390
Abz-Thr-Ile-Nle-(4-nitro)Phe-Gln-Arg-NH2	4391
AFPLEFKREL	4392
AFPLEFEREL	4393
AFPLEFFREL	4394
AFPLEFIREL	4395
Lys-Pro-Ala-Glu-Phe-Phe-Phe(NO2)-Ala-Leu	4396
Leu-Ser-Phe(NO2)-Ahx-Ala-Leu-OMe	4397
((7-methoxycoumarin-4-yl)acetyl)-Lys-Lys-Pro-Ala-Glu-Phe-Phe-Ala-Leu Lys-(2,4-dinitrophenyl)	4398
7-methoxycoumarin-4-yl-SEVNLDAEFK-2,4-dinitrophenyl-RR	4399
WLAASRGAG	4400
WLRARRGAG	4401
WLARRRGAG	4402
WLAARRGRG	4403
WLSARRGAG	4404
WLSERRGAG	4405
Ac-GLLGDFFRRVKEKIGC	4406
WEEGGRRIGRGGK	4407
Ac-GLLGDFARRAKEKIGC	4408
WLAARRGAG	4409
WLATRRGAG	4410
Ac-GLLGDFFRKSKEKIGC	4411
WLAAKKGAG	4412
(7-methoxycoumarin-4-yl)acetyl-Arg-Pro-Pro-Gly-Phe-Ser-Ala-Phe-Lys(2 4-dinitrophenyl)	4414
amyloid beta peptide1-40	4419
gastri-releasing peptide	4420
GLP-1	4421
angiotensin	4427
7-methoxycoumarin-3-carboxylyl-Pro-Leu-Gly-Pro-D-Lys(2 4-dinitrophenyl)	4430
KKGYVADAP-4-nitroanilide	4431
Procollagen type I	4432
2,4-dinitrophenyl-DADKLSW	4433
2,4-dinitrophenyl-STATKLSW	4434
2,4-dinitrophenyl-ATKLSTSW	4435
2,4-dinitrophenyl-ATKLSW	4436
2,4-dinitrophenyl-DATKLSW	4437
2,4-dinitrophenyl-APKLSW	4438
2,4-dinitrophenyl-ADKLSW	4439
2,4-dinitrophenyl-ATKRSW	4440
2,4-dinitrophenyl-ARKLSW	4441
2,4-dinitrophenyl-ATKDSW	4442
(7-methoxycoumarin-4-yl)-acetyl-L-Pro-L-Leu-Gly-L-Leu-[N3-(2 4-dinitrophenyl)-L-2,3-diaminopropionyl]-L-Ala-L-Arg-NH2	4443
peptide A13R	4444
peptide B74	4445
peptide C9	4446
peptide A3	4447
peptide A13	4448
peptide A34	4449
furylacryloyl-Ala-Leu-Ala	4450
furylacryloyl-Ala-Leu-Gly	4451
furylacryloyl-Gly-Leu-Ala	4452
carbobenzooxydialanine-leucylalaninamide	4453
carbobenzooxydialanine-phenylalanylalaninamide	4454
furylacryloyl-Gly-Leu-Gly	4457
carbobenzooxydialanine-tyrosylalaninamide	4458
pentaalanine	4460
[3H]Tyr-Gly-Gly-Phe-Leu	4463
stromelysin1	4464
amyloid beta-peptide1-40	4466
Abz-GGFLRKHGQ-EDDnp	4467
(7-methoxycoumarin-4-yl)acetyl-RPPGFSAFK(2,4-dinitrophenyl)-OH	4468
amyloid beta-protein	4469
Abz-Gly-Gly-Leu-Arg-Lys-His-Gly-Gln-EDDnp	4470
7-methoxycoumarin-4-yl-acetyl-RPPGFSAFK-2,4-dinitrophenyl	4471
(7-methoxycoumarin-4-yl)acetyl-KLVFFAEDK(Dnp)-OH	4472
amyloid beta-peptide 1-42	4473
amyloid beta-peptide 1-40	4474
Abz-VNLDAE-EDDnp	4475
Abz-VKMDAE-EDDnp	4476
Abz-MGWMDEIDK(Dnp)SG-OH	4477
Abz-YVAEAPK(Dnp)G-OH	4478
(7-methoxycoumarin-4-yl)acetyl-YVADAPK-(K-epsilon-DNP)-NH2	4479
KKGYVADAP-7-amido-4-methylcoumarin	4480
2-aminobenzoyl-RPLALWESQ-2-(2,4-dinitrophenyl)aminoethylamide	4481
2-aminobenzoyl-RPLALEESQ-2-(2,4-dinitrophenyl)aminoethylamide	4482
2-aminobenzoyl-PLGLEEA-2-(2,4-dinitrophenyl)aminoethylamide	4483
2-aminobenzoyl-RPLELWRSQ-2-(2,4-dinitrophenyl)aminoethylamide	4484
2-aminobenzoyl-RPLGLEEA-2-(2,4-dinitrophenyl)aminoethylamide	4485
2-aminobenzoyl-RPLALWRSQ-2-(2,4-dinitrophenyl)aminoethylamide	4486
2-aminobenzoyl-RPLALWEEQ-2-(2,4-dinitrophenyl)aminoethylamide	4487
2-aminobenzoyl-PLALWRSQ-2-(2,4-dinitrophenyl)aminoethylamide	4488
vesicle-associated membrane protein-2	4489
SNAP-25	4490
Ac-RGSNKPKIDAGNQRATRXLGGR-NH2	4491
vesicle-associated membrane protein-1	4492
2 4-dinitrophenyl-Pro-beta-cyclohexyl-Ala-Gly-Cys(Me)-His-Ala-Lys(N methyl-2-aminobenzoyl)-NH2	4493
2,4-dinitrophenyl-Pro-Leu-Ala-Leu-Trp-Ala-Arg-OH	4494
amyloid beta 40	4495
methoxycoumarin-4-acetyl-Lys-Pro-Leu-Gly-Leu-Lys(2 4-dinitrophenyl)-Ala-Arg-NH2	4496
MOCAcPLGLA2pr-dinitrophenol-A-RNH2	4497
(Gly-Pro-Hyp)5-Gly-Pro-Lys(Mca)-Gly-Pro-Gln-Gly-Cys(Mob)-Arg-Gly-Gln Lys(Dnp)-Gly-Val-Arg-(Gly-Pro-Hyp)5-NH2	4498
(7-methoxycoumarin-4-yl)acetyl-Pro-Leu-Gly-Leu-N-3-(2 4-dinitrophenyl)-L-2,3-diaminopropionyl-Ala-Arg-NH2	4499
Glu(EDANS)-Pro-Leu-Ala-Gln-Ala-Val-Arg-Ser-Ser-Ser-Lys(DABCYL)	4500
Glu(EDANS)-Pro-Leu-Ala-Gln-Ala-Val-Arg-Ser-Ser(glycosyl)-Ser Lys(DABCYL)	4501
acetyl-Gly-Tyr-beta-Ala-Arg-Arg-Arg-Arg-Arg-Arg-Arg-Arg-Val-Leu-Arg-4 nitroanilide	4502
acetyl-Gly-Tyr-beta-Ala-Arg-Arg-Arg-Arg-Arg-Arg-Arg-Arg-Val-Leu-Arg-7 amido-4-methylcoumarin	4503
acetyl-GYbetaARRRRRRRRVLR-4-nitroanilide	4504
Glu(EDANS)-Pro-Leu-Ala-Gln-Ala-Val-Arg-Ser-Ser(4O-(beta-D-Gal-(1->3) alpha-D-GalNAc))-Ser-Lys(DABCYL)	4505
S80-glycosylated (EDANS)-EPLAQAVRSSSK-(DABCYL)	4506
(EDANS)-EPLAQAVRSSSK-(DABCYL)	4507
(EDANS)-ELAQAVRSSSRK-(DABCYL)	4508
S80-glycosylated (EDANS)-ELAQAVRSSSRK-(DABCYL)	4509
VWF115	4510
YPSSKPLPPVPPVQPLPPVPKLETS	4511
Abz-DVVNPPVPPSKDD-CONH2	4512
Abz-DVVNPAVPPSKDD-CONH2	4513
Dabcyl-Lys-EVNPPPPD-EdansGlu	4514
Abz-DVVNAPVPPSKDD-CONH2	4515
beta-L-Asp-L-Phe	4516
N-deacetyl-N-formylmycothiol-monobromobimane conjugate	4518
(GlcNAc)5	4520
GlcNAc-beta-1,4-GlcNAc-beta-1,4-GlcNAc	4521
GlcNAc-beta-(1,4)-GlcNAc	4522
D-2-nitro-5-[(phenylacetyl)amino]benzoic acid	4524
4-hydroxy-2-nonenal mercapturate	4536
acrolein mercapturate	4537
D-erythro-C12-4-nitrobenzo-2-oxa-1,3-diazole-ceramide	4590
(2R,3Z)-2-([(2E)-1-hydroxy-12-[(7-nitro-2,1 3-benzoxadiazol-4-yl)amino]dodec-2-en-1-yl]amino)heptadec-3-ene-1 3-diol	4591
NBD-C12-ceramide	4592
N-[(2S,3R,4E)-1 3-dihydroxynonadec-4-en-2-yl]-12-[[9-(ethylamino)-5-oxo-5H benzo[a]phenoxazin-2-yl]oxy]dodecanamide	4593
N-[(2S,3R 4E)-13-[[9-(ethylamino)-5-oxo-5H-benzo[a]phenoxazin-2-yl]oxy]-1 3-dihydroxytridec-4-en-2-yl]hexadecanamide	4594
N-[(2S,3R,4E)-1,3-dihydroxy-14-[(7-nitro-2,1 3-benzoxadiazol-4-yl)amino]tetradec-4-en-2-yl]hexadecanamide	4595
N-[(2S,3R 4E)-7-[[9-(diethylamino)-5-oxo-5H-benzo[a]phenoxazin-3-yl]oxy]-1 3-dihydroxyhept-4-en-2-yl]-11-[(7-nitro-2,1 3-benzoxadiazol-4-yl)amino]undecanamide	4596
N4-(beta-N-acetylglucosaminyl)-L-asparagine	4607
acetate-prelabeled chicken histones	4610
formyl-Met-Ala-Ser	4645
N-formyl-L-Met-L-Leu-4-nitroanilide	4646
formyl-Met-Ala-His-Ala	4649
formyl-Met-Thr-Met-His	4650
formyl-MTHQ	4651
formyl-MRHQ	4652
formyl-MFHQ	4653
formyl-MEHQ	4654
formyl-MLHQ	4655
formyl-MVHQ	4656
formyl-MLKL	4657
formyl-MGHQ	4658
formyl-MTPM	4659
formyl-MFAD	4660
formyl-MNFA	4661
formyl-MTMH	4662
formyl-MMYA	4663
formyl-MAHA	4664
formyl-MNPL	4665
formyl-MPQL	4666
Fluor de Lys HDAC substrate	4670
Fluor de Lys HDAC8 substrate	4671
RHK(acetyl)K(acetyl)-fluorophore	4672
Fluor de Lys	4673
SQSEEEK(Ac)FFRRFP	4674
RGGK(Ac)FFR	4675
TYSRGGK(Ac)FFRRFP	4676
YSRGGK(Ac)FFRRF	4677
RYSSRRK(Ac)ARPYML	4678
SRGGK(Ac)FFRR	4679
GGK(Ac)FF	4680
GK(Ac)F	4681
TYSRGGK(Ac)KSEESE	4682
PPGFSPFR	4743
IHAREIFDSR	4744
8-oxo-rATP	4823
2-hydroxy-rATP	4826
Gppp-BODIPY	4843
pppA-terminated poly(A)	4850
43-mer oligonucleotide containing apurinic/apyrimidinic sites	5157
5'-TCGAGGATCCTGAGCTCGAGTCGACGXTCGCGAATTCTGCGGATCCAAGC-3'	5158
5'-GACAAGCGCAG-(5R,6S)-2'-deoxy-5,6-dihydroxyuridine-CAGCCGAACAC-3'	5159
5'-CTCTCCCTTC-5,6-dihydrouracil-CTCCTTTCCTCT-3'	5160
5'-CTCTCCCTTC-8-oxo-7,8-dihydroguanine-CTCCTTTCCTCT-3'	5162
5'-GACAAGCGCAG-(5S,6R)-2'-deoxy-5,6-dihydroxyuridine-CAGCCGAACAC-3'	5163
alpha-N-Acetyl-Tyr-Val-alpha-hydroxyglycine	5203
gamma-L-Glu-epsilon-N-benzyloxycarbonyl-L-Lys	5205
poly(A)poly(U)	5247
poly (C)	5248
ApA	5253
CpC	5254
poly(I)	5255
N-succinyl-Ala-Glu-(trans)-Pro-Phe-4-nitroanilide	5305
TRYWNAKMK-(cis)-PFIFGA	5306
ubiquitin	5454
holo-[aryl-carrier protein EntB]	5455
[aryl-carrier protein EntB]	5457
[TruE2]-(L-amino acyl-L-cysteine)	5458
[TruE2]-L-amino acyl-L-cysteine	5459
[PanB]-L-lysine	5460
phosphopantetheinylated EntB	5469
gamma-L-Glu-L-Cys	5479
gamma-Glu-L-Cys	5480
[LysW]-C-terminal-L-glutamate54	5482
Gln-OH	5505
hypoxia-inducible factor1alpha C-terminal oxygen-dependent degradation domain-L-proline	5533
reduced putidaredoxin	5543
ferricytochrome c B0428	5574
(CGG*CGG)12	5582
polyE4Y	5593
poly(A)n	5600
ACUGGACA[rI][rI]U[rI]CUCCGAGG	5610
AGPALpSPVPPV	5611
amylose DP440	5622
arabinoglucuronoxylan	5628
30% N-acetylated chitosan	5630
Polygalacturonate	5634
wheat arabinoxylan	5646
oat-spelt xylan	5651
xylan	5652
tosyl-Gly-Pro-Lys-7-amido-4-methylcoumarin	5657
succinyl-L-Ala-L-Ala-L-Pro-L-Phe-4-methyl-coumaryl-7-amide	5659
succinyl-LLVY-7-amido-4-methylcoumarin	5660
N-acetyl-Ile-Val-Leu-Asp-7-amido-4-methylcoumarin	5661
N-acetyl-Thr-Glu-Val-Asp-7-amido-4-methylcoumarin	5662
(7-methoxycoumaryl-4yl)acetylPLGLA2pr(2,4-dinitrophenol)-AR-NH2	5663
stromelysin 1	5664
(7-methoxycoumarin-4-yl)acetyl-QKLVFFAEDVK(2,4-dinitrophenyl)-OH	5665
(7-methoxycoumarin-4-yl)acetyl-VEALYLVCGEK(2,4-dinitrophenyl)-OH	5666
6-aminohexanoate cyclic oligomer	5667
polygalacturonic acid	5699
3'-fluorescein-labeled 5'-AACTTCGTGCAGGCATGGTAG(dU)TTGTCTACT-3'	5701
(2R)-2-hydroxypropyl-CoM	284
3-dehydro-beta-ecdysone	365
threo-D,L-isopropylmalate	480
galactoglucomannan	585
locust bean galactomannan	586
galactoxyloglucan	587
guar galactomannan	588
trans-pinocarveylhydroperoxide	684
reduced 2,2'-azino-bis-(3-ethylbenzthiazole-6-sulfonic acid)	691
7,7-d2-arachidonate	739
[F-actin]-L-methionine	927
norlanosterol	950
reduced 1,1'-diaminoethyl-4,4'-bipyridinium salt	1137
reduced 1-methyl-1'-aminoethyl-4,4'-bipyridinium salt	1138
reduced 1,1'-dicarboxyl-4,4'-bipyridinium salt	1140
reduced 1-methyl-1'-carboxymethyl-4,4'-bipyridinium salt	1141
Fe(CN)63-	1149
3-adipylaminopropanal	1181
mesoporphyrinogen-VI	1360
23,24-bis-nor-5alpha-cholestan-3-one acid	1386
5,10-methylenetetrahydropteroylglutamate	1512
5,10-methylenetetrahydropteroylpentaglutamate	1513
reduced pseudoazurin	1613
glutathionylated glyceraldehyde-3-phosphate dehydrogenase	1658
glutathionylated isocitrate lyase	1659
cinnamoyl-diketide-N-acetylcysteamine	1914
Mn2+[side2]	2125
nonasaccharide XLLG-ol	2146
xyloglucan	2147
D-Man-alpha-(1->3)-D-Glc-beta-(1->4)-D-Glc-alpha-1 diphosphopolyisoprenol	2168
beta-D-Galf-(1->5)-beta-D-Galf-(1->6)-beta-D-Galf-O(CH2)7CH3	2184
D-galactofuranosyl-(1->6)-beta-D-galactofuranosyl-(1->5)-beta-D galactofuranosyl-(1->6)-beta-D-galactofuranose	2186
D-galactofuranosyl-(1->5)-beta-D-galactofuranosyl-(1->6)-beta-D galactofuranose	2188
D-galactofuranosyl-(1->6)-beta-D-galactofuranosyl-(1->6)-beta-D galactofuranose	2189
3-O-(alpha-D-mannosyl)-L-threonyl-[PKRVRRQIHA-T-PTPVTAIGPP]	2195
3-O-(alpha-D-mannosyl)-L-threonyl-[TIRTRGAIIQ-T-LGPIQPTR]	2196
3-O-(alpha-D-mannosyl)-L-threonyl-[IQEPPSRIVP-T-PTSPAIAPPT]	2197
3-O-(alpha-D-mannosyl)-L-threonyl-[YVEP-T-AV]	2198
polyribitol phosphate	2228
alpha-Fuc-(1->2)-beta-D-Gal-(CH2)7CH3	2232
alpha-L-Fucp-(1,2)-beta-D-Galp-O(CH2)7CH3	2233
L-fucosyl-alpha-1,2-beta-galactosyl-O(CH2)7CH3	2234
alpha-L-Fucp-(1,2)-beta-D-Galp-(1,3)-beta-DGlcNAcp-O(CH2)7CH3	2235
alpha-L-Fucp-(1,2)-beta-D-Galp-(1,4)-beta-D-GlcNAcp-O-(CH2)8CO2CH3	2236
GlcNAcbeta1,2-Manalpha1,6-Manbeta-OR	2237
GlcNAcbeta1,2-Manalpha1,3-Manbeta-OR	2238
Glc-NAcbeta1-3Galbeta-O-naphthalenemethanol	2239
GlcNAcbeta1,4-Manalpha1,3-Manbeta-OR	2240
GlcNAcbeta1,2-Manalpha1,6 (GlcNAcbeta1,2-Manalpha1,3)Man	2243
MUC2-6GalNAc	2251
MUC1	2252
MUC1-2GalNAc	2253
N4-[N-acetyl-beta-D-glucosaminyl-(1-2)-alpha-D-mannosyl-(1-3)-[N acetyl-beta-D-glucosaminyl-(1-2)-alpha-D-mannosyl-(1-6)]-beta-D mannosyl-(1-4)-N-acetyl-beta-D-glucosaminyl-(1-4)-N-acetyl-beta-D glucosaminyl]asparagine	2269
Gal-beta-1,4-GlcNAc-(CH2)8CO2CH3	2272
bikunin	2320
pre-queuine 1	2328
1-(2',6'-dideoxy-beta-D-ribohexafuranosyl)thymine	2336
1-(2',6'-dideoxy-alpha-L-lyxohexafuranosyl)thymine	2337
5-(5-dimethylaminonaphthalene-1-sulfonyl-2-(2-aminoethoxy))ethyl beta-lactose	2358
5-(5-dimethylaminonaphthalene-1-sulfonyl-2-(2-aminoethoxy))ethyl beta-N-acetyllactosamine	2359
cytidine-5'-yl-5-(acetamido)-9-(3-[4-chloro-1,2 3-oxadiazol-3-ium-5-olate]benzamido)-3,5 9-trideoxy-beta-D-glycero-D-galacto-non-2-ulopyranosid-2''-yl phosphate	2361
pyridylamine-type 2H	2362
cytidine-5'-yl-5-(acetamido)-9-azido-3,5 9-trideoxy-beta-D-glycero-D-galacto-non-2-ulopyranosid-2''-yl phosphate	2364
(3-deoxy-alpha-D-manno-oct-2-ulopyranosylonate)-(2->4)-(3-deoxy-alpha D-manno-oct-2-ulopyranosylonate)-(2->6)-2-deoxy-2-amino-4-O-phospho beta-D-glucopyranosyl-(1->6)-2-deoxy-2-amino-1-O-phosphono-alpha-D glucopyranose	2372
(3-deoxy-alpha-D-manno-oct-2-ulopyranosylonate)-(2->4)-(3-deoxy-alpha D-manno-oct-2-ulopyranosylonate)-(2->6)-2-deoxy-2-[[(3R)-3 (dodecanoyloxy)tetradecanoyl]amino]-4-O-phospho-beta-D-glucopyranosyl (1->6)-2-deoxy-2-[[(3R)-3-hydroxytetradecanoyl]amino]-1-O-phosphono alpha-D-glucopyranose	2373
(3-deoxy-alpha-D-manno-oct-2-ulopyranosylonate)-(2->4)-(3-deoxy-alpha D-manno-oct-2-ulopyranosylonate)-(2->6)-2-deoxy-2-[[(3R)-3 (dodecanoyloxy)tetradecanoyl]amino]-3-O-[(3R)-3 (tetradecanoyloxy)tetradecanoyl]-4-O-phospho-beta-D-glucopyranosyl-(1 >6)-2-deoxy-3-O-[(3R)-3-hydroxytetradecanoyl]-2-[[(3R)-3 hydroxytetradecanoyl]amino]-1-O-phosphono-alpha-D-glucopyranose	2376
(3-deoxy-alpha-D-manno-oct-2-ulopyranosylonate)-(2->6)-2-deoxy-2 [[(3R)-3-(dodecanoyloxy)tetradecanoyl]amino]-3-O-[(3R)-3 (tetradecanoyloxy)tetradecanoyl]-4-O-phospho-beta-D-glucopyranosyl-(1 >6)-2-deoxy-3-O-[(3R)-3-hydroxytetradecanoyl]-2-[[(3R)-3 (tetradecanoyloxy)tetradecanoyl]amino]-1-O-phosphono-alpha-D glucopyranose	2377
tripolyphosphate	2482
S-(-)-methioninol	2484
N-acyl-D-mannosamine	2649
Hexametaphosphate	2653
deoxynucleoside triphosphate	2824
1-(4-hydroxy-3-methoxyphenyl)-1-(alpha-D-glucuronate)-2-(2 methoxyphenoxy)-3-propanol	2994
fluorescein divaleryloxymethyl ether	3103
fluorescein dicaproyloxymethyl ether	3105
fluorescein di(acetoxymethyl ether)	3107
fluorescein dibutyloxymethyl ether	3112
fluorescein dipropanoyloxymethyl ether	3113
5'-GAGACAGUAUUUG	3233
5'-GGGACAGUAUUUG	3234
1-arachidonoyl-2-lyso-sn-glycerol 3-phosphate	3250
1-stearyl-2-lyso-sn-glycerol 3-phosphate	3251
2-oxo-3-deoxy-D-manno-octulosonate 8-phosphate	3310
N-palmitoyl-1,2-dioleoyl-phosphatidylethanolamine	3394
4-diethyl phosphate benzaldehyde	3475
4-diethyl phosphate acetophenone	3485
amylose DP17	3500
beta-mannan	3509
alpha-D-Xyl-(1->6)-beta-D-Glc-(1->4)-[beta-D-Gal-(1->2)-alpha-D-Xyl-(1 >6)]-beta-D-Glc-(1->4)-[beta-D-Gal-(1->2)-alpha-D-Xyl-(1->6)]-beta-D Glc	3517
alpha-D-Xyl-(1->6)-beta-D-Glc-(1->4)-[alpha-D-Xyl-(1->6)]-beta-D-Glc (1->4)-beta-D-Glc	3518
alpha-D-Xyl-(1->6)-beta-D-Glc	3519
beta-D-Gal-(1->3)-beta-D-GalNAc-(1->4)-(alpha-Neu5Ac-(2->3))-beta-D Gal-(1->4)-beta-D-Glc-(1<->1')-ceramide	3529
4-methylumbelliferyl 2-acetamido-4-O-(2-acetamido-2 4-dideoxy-beta-D-xylo-hexopyranosyl)-2-deoxy-beta-D-glucopyranoside	3546
Fuc-alpha-(1->2)-Gal-beta-(1->3)-GlcNAc-beta-(1->3)-Gal-beta-(1->4) Glc	3551
maltosylpentaosyltrehalose	3558
maltosyltetraosyltrehalose	3559
2-phenylethyl beta-vicianoside	3563
4-nitrophenyl N-acetyl-beta-D-thioglucosaminide	3575
beta-D-4-deoxy-DELTA-4 5-GlcAp-(1->4)-beta-D-Glcp-(1->4)-alpha-L-Rhap-(1->3)-beta-D-Glcp	3596
phenyl beta-sialoside	3601
DELTAGlcUA-beta-(1->4)-GlcNAc	3607
alpha-D-Man-(1->2)-alpha-D-Man-(1->2)-alpha-D-Man-(1->3)-[alpha-D-Man (1->2)-alpha-D-Man-(1->3)-[alpha-D-Man-(1->2)-alpha-D-Man-(1->6)]-alpha D-Man-(1->6)]-alpha-D-Man-(1->4)-beta-D-GlcNAc-(1->4)-beta-D-GlcNAc-2 pyridylamine	3629
beta-1,2-glucotetrasaccharide	3667
beta-1,2-glucopentasaccharide	3668
6-O-alpha-kojitriosylglucose	3673
6-O-alpha-kojibiosylglucose	3674
kojipentaose	3675
beta-D-Gal-(1->2)-alpha-D-Xyl-(1->6)-beta-D-Glc-(1->4)-beta-D-Glc	3680
alpha-D-Xyl-(1->6)-beta-D-Glc-(1->4)-[beta-D-Gal-(1->2)-alpha-D-Xyl-(1 >6)]-beta-D-Glc-(1->4)-[beta-D-Gal-(1->2)-alpha-D-Xyl-(1->6)]-beta-D Glc-(1->4)-beta-D-Glc	3681
2-oxo-4-(trifluoromethyl)-2H-chromen-7-yl beta-D-xylopyranosyl-(1->3)-beta-D-xylopyranosyl-(1->3)-beta-D xylopyranoside	3688
2-oxo-4-(trifluoromethyl)-2H-chromen-7-yl 3-O-(3-O-methyl-etab-D-xylopyranosyl)-beta-D-xylopyranoside	3689
N-[2-N-[(S-(4-deoxy-4-dimethylamino-phenylazophenylthioureido-beta-D glucopyranosyl)-(1->4)-beta-D-glucopyranosyl-(1->4)-beta-D glucopyranosyl-(1->4)-beta-D-glucopyranosyl-(1->4)-beta-D glucopyranosyl-(1->4)-beta-D-glucopyranosyl)-2-thioacetyl]aminoethyl]-1 naphthylamine-5-sulfonate	3706
[(1->4)-alpha-D-galacturonide]8	3750
[(1->4)-alpha-D-galacturonide]170	3751
[(1->4)-alpha-D-galacturonide]7	3752
[(1->4)-alpha-D-galacturonide]6	3753
[(1->4)-alpha-D-galacturonide]4	3754
[(1->4)-alpha-D-galacturonide]2	3755
[(1->4)-alpha-D-galacturonide]3	3756
[(1->4)-alpha-D-galacturonide]5	3757
4-nitrophenyl 4 6-O-(3-oxobutylidene)-beta-D-glucosyl-(1->4)-[(1->4)-beta-D xylopentaoside]	3770
dextran T2000	3797
Man3GlcNAc-oxazoline	3799
Fmoc-Asn(Fucalpha(1->6)GlcNAc)-OH	3801
2,4-dinitrophenyl-GalNAc-alpha-R	3808
linear 1,5-alpha-L-arabinan	3809
o-aminobenzoyl-FRAK(2,4-dinitrophenyl)-OH	3978
o-aminobenzoyl-FRK(2,4-dinitrophenyl)P-OH	3979
o-aminobenzoyl-LFK(2,4-dinitrophenyl)-OH	3980
(7-methoxycoumarin-4-yl)acetyl-APK(2,4-dinitrophenyl)-OH	4042
6'-deoxy bleomycin A2	4317
6'-deoxy tallysomycin H1	4318
bleomycin Z	4320
tallysomycin H1	4321
6'-deoxy bleomycin Z	4322
2-acetamido-2-deoxy-beta-D-glucopyranosyl-(1-4)-2-acetamido-2-deoxy beta-D-glucopyranosyl-(1-4)-2-chloroacetamido-2-deoxy-beta-D glucopyranosyl-(1-4)-2-acetamido-2-deoxy-D-glucose	4616
2-acetamido-2-deoxy-beta-D-glucopyranosyl-(1-4)-2-acetamido-2-deoxy beta-D-glucopyranosyl-(1-4)-2-fluoroacetamido-2-deoxy-beta-D glucopyranosyl-(1-4)-2-acetamido-2-deoxy-D-glucose	4617
2-acetamido-2-deoxy-beta-D-glucopyranosyl-(1-4)-2-acetamido-2-deoxy beta-D-glucopyranosyl-(1-4)-2-bromoacetamido-2-deoxy-beta-D glucopyranosyl-(1-4)-2-acetamido-2-deoxy-D-glucose	4621
(2R,3R)-[(2R)-3-hydroxy-2-(hydroxy-kappaO)-2-methylbutanoic acid-kappaO]zinc(2+)	4941
(2S,3S)-[(2R)-3-hydroxy-2-(hydroxy-kappaO)-2-methylbutanoic acid-kappaO]zinc(2+)	4942
(2R,3S)-[(2R)-3-hydroxy-2-(hydroxy-kappaO)-2-methylbutanoic acid-kappaO]zinc(2+)	4943
(2S,3R)-[(2S)-3-hydroxy-2-(hydroxy-kappaO)-2-methylbutanoic acid-kappaO]zinc(2+)	4944
2-aryl-2-methylmalonate	4969
hyaluronic acid	5136
heparan sulfate	5146
glutathione-methylglyoxal hemithioacetal	5239
8-(nonyloxy)-octanoyl-[acyl-carrier protein]	5548
9-(octyloxy)-nonanoyl-[acyl-carrier protein]	5549
Fe(CN)62-	5550
fructosyl poly-L-lysine	5563
spinach plantacyanine	5567
alpha-L-Fucp-(1,2)-beta-D-Galp-(1,3)-beta-D-GlcNAcp-O(CH2)7CH3	5589
alpha-L-Fucp-(1,2)-beta-D-Galp-(1,4)-beta-D-GlcNAcp-O(CH2)8CO2CH3	5590
4-O-methyl-alpha-D-glucopyranosyl uronic acid-(1->2)-[beta-D-xylopyranosyl-(1->4)]-beta-D-xylopyranosyl-(1->4)-D xylose	5626
beta-chitin	5631
Pectin	5633
tamarind xyloglucan	5636
4-methylumbelliferyl (alpha-D-glucopyranosyl)-(1->3)-alpha-D-mannopyranoside	5638
1,3-1,4-beta-D-glucan	5650
